timestamp,items_completed,total_items,overall_r_squared,overall_rating,instantaneous_r_squared,instantaneous_rating
2025-07-10 21:31:34,1,38535,N/A,N/A,N/A,N/A
2025-07-10 21:31:35,2,38535,N/A,N/A,N/A,N/A
2025-07-10 21:31:35,3,38535,N/A,N/A,N/A,N/A
2025-07-10 21:31:35,4,38535,N/A,N/A,N/A,N/A
2025-07-10 21:31:36,5,38535,N/A,N/A,N/A,N/A
2025-07-10 21:31:36,6,38535,N/A,N/A,N/A,N/A
2025-07-10 21:31:37,7,38535,N/A,N/A,N/A,N/A
2025-07-10 21:31:37,8,38535,N/A,N/A,N/A,N/A
2025-07-10 21:31:38,9,38535,N/A,N/A,N/A,N/A
2025-07-10 21:31:38,10,38535,0.3000,1450.00,N/A,N/A
2025-07-10 21:31:38,11,38535,0.1790,1505.56,N/A,N/A
2025-07-10 21:31:38,12,38535,0.3363,1505.56,N/A,N/A
2025-07-10 21:31:38,13,38535,0.2200,1560.00,N/A,N/A
2025-07-10 21:31:39,14,38535,0.4289,1560.00,N/A,N/A
2025-07-10 21:31:39,15,38535,0.5377,1560.00,0.5377,1560.00
2025-07-10 21:31:39,16,38535,0.5377,1560.00,N/A,N/A
2025-07-10 21:31:39,17,38535,0.5175,1552.28,N/A,N/A
2025-07-10 21:31:39,18,38535,0.5015,1543.21,N/A,N/A
2025-07-10 21:31:40,19,38535,0.4897,1532.57,N/A,N/A
2025-07-10 21:31:40,20,38535,0.4821,1520.08,N/A,N/A
2025-07-10 21:31:40,21,38535,0.4821,1520.08,N/A,N/A
2025-07-10 21:31:41,22,38535,0.4825,1503.82,N/A,N/A
2025-07-10 21:31:41,23,38535,0.4825,1503.82,N/A,N/A
2025-07-10 21:31:41,24,38535,0.4913,1483.19,N/A,N/A
2025-07-10 21:31:42,25,38535,0.5777,1448.22,N/A,N/A
2025-07-10 21:31:42,26,38535,0.6095,1396.27,N/A,N/A
2025-07-10 21:31:42,27,38535,0.6958,1350.82,N/A,N/A
2025-07-10 21:31:42,28,38535,0.7536,1276.34,N/A,N/A
2025-07-10 21:31:43,29,38535,0.7536,1276.34,N/A,N/A
2025-07-10 21:31:43,30,38535,0.7536,1276.34,0.7987,1049.03
2025-07-10 21:31:43,31,38535,0.7536,1436.83,N/A,N/A
2025-07-10 21:31:43,32,38535,0.6614,1423.18,N/A,N/A
2025-07-10 21:31:44,33,38535,0.5904,1405.80,N/A,N/A
2025-07-10 21:31:44,34,38535,0.5380,1382.65,N/A,N/A
2025-07-10 21:31:44,35,38535,0.5027,1351.02,N/A,N/A
2025-07-10 21:31:44,36,38535,0.5090,1265.85,N/A,N/A
2025-07-10 21:31:45,37,38535,0.5115,1195.53,N/A,N/A
2025-07-10 21:31:45,38,38535,0.5827,1014.37,N/A,N/A
2025-07-10 21:31:45,39,38535,0.6559,831.91,N/A,N/A
2025-07-10 21:31:46,40,38535,0.6200,868.49,N/A,N/A
2025-07-10 21:31:46,41,38535,0.6847,716.90,N/A,N/A
2025-07-10 21:31:46,42,38535,0.7072,689.41,N/A,N/A
2025-07-10 21:31:46,43,38535,0.8179,464.72,N/A,N/A
2025-07-10 21:31:46,44,38535,0.7548,405.97,N/A,N/A
2025-07-10 21:31:47,45,38535,0.7548,405.97,0.2354,3343.00
2025-07-10 21:31:47,46,38535,0.7548,1179.36,N/A,N/A
2025-07-10 21:31:47,47,38535,0.6758,1176.35,N/A,N/A
2025-07-10 21:31:47,48,38535,0.6144,1166.76,N/A,N/A
2025-07-10 21:31:47,49,38535,0.6185,1213.42,N/A,N/A
2025-07-10 21:31:48,50,38535,0.5821,1192.26,N/A,N/A
2025-07-10 21:31:48,51,38535,0.5618,1249.00,N/A,N/A
2025-07-10 21:31:48,52,38535,0.5481,1216.73,N/A,N/A
2025-07-10 21:31:49,53,38535,0.5747,1129.91,N/A,N/A
2025-07-10 21:31:49,54,38535,0.5918,1064.93,N/A,N/A
2025-07-10 21:31:49,55,38535,0.5620,1093.78,N/A,N/A
2025-07-10 21:31:49,56,38535,0.5731,1052.87,N/A,N/A
2025-07-10 21:31:50,57,38535,0.5582,1062.00,N/A,N/A
2025-07-10 21:31:50,58,38535,0.5826,1007.36,N/A,N/A
2025-07-10 21:31:50,59,38535,0.6130,993.03,N/A,N/A
2025-07-10 21:31:50,60,38535,0.6130,993.03,0.0758,1998.00
2025-07-10 21:31:50,61,38535,0.6130,1415.75,N/A,N/A
2025-07-10 21:31:50,62,38535,0.5618,1417.87,N/A,N/A
2025-07-10 21:31:51,63,38535,0.5666,1419.10,N/A,N/A
2025-07-10 21:31:51,64,38535,0.5735,1397.48,N/A,N/A
2025-07-10 21:31:51,65,38535,0.5765,1399.65,N/A,N/A
2025-07-10 21:31:52,66,38535,0.6023,1357.88,N/A,N/A
2025-07-10 21:31:52,67,38535,0.6034,1361.25,N/A,N/A
2025-07-10 21:31:52,68,38535,0.6034,1361.25,N/A,N/A
2025-07-10 21:31:53,69,38535,0.6024,1365.49,N/A,N/A
2025-07-10 21:31:53,70,38535,0.6301,1355.58,N/A,N/A
2025-07-10 21:31:53,71,38535,0.6234,1344.77,N/A,N/A
2025-07-10 21:31:53,72,38535,0.6385,1351.77,N/A,N/A
2025-07-10 21:31:53,73,38535,0.6374,1338.38,N/A,N/A
2025-07-10 21:31:53,74,38535,0.6544,1333.21,N/A,N/A
2025-07-10 21:31:53,75,38535,0.6043,1336.11,0.0387,2140.90
2025-07-10 21:31:53,76,38535,0.6043,1072.94,N/A,N/A
2025-07-10 21:31:54,77,38535,0.6777,1055.59,N/A,N/A
2025-07-10 21:31:54,78,38535,0.7067,1080.86,N/A,N/A
2025-07-10 21:31:54,79,38535,0.7220,994.21,N/A,N/A
2025-07-10 21:31:55,80,38535,0.7327,1034.74,N/A,N/A
2025-07-10 21:31:55,81,38535,0.6953,1103.61,N/A,N/A
2025-07-10 21:31:55,82,38535,0.6943,1142.74,N/A,N/A
2025-07-10 21:31:56,83,38535,0.6769,1190.81,N/A,N/A
2025-07-10 21:31:56,84,38535,0.6653,1229.73,N/A,N/A
2025-07-10 21:31:56,85,38535,0.7086,1217.87,N/A,N/A
2025-07-10 21:31:56,86,38535,0.6868,1227.67,N/A,N/A
2025-07-10 21:31:56,87,38535,0.6740,1228.68,N/A,N/A
2025-07-10 21:31:56,88,38535,0.6596,1234.36,N/A,N/A
2025-07-10 21:31:56,89,38535,0.6682,1233.46,N/A,N/A
2025-07-10 21:31:57,90,38535,0.6772,1232.28,0.3465,1525.00
2025-07-10 21:31:57,91,38535,0.6772,1290.59,N/A,N/A
2025-07-10 21:31:57,92,38535,0.6804,1290.83,N/A,N/A
2025-07-10 21:31:57,93,38535,0.6789,1289.26,N/A,N/A
2025-07-10 21:31:58,94,38535,0.6779,1287.45,N/A,N/A
2025-07-10 21:31:58,95,38535,0.6773,1285.41,N/A,N/A
2025-07-10 21:31:58,96,38535,0.6964,1253.32,N/A,N/A
2025-07-10 21:31:59,97,38535,0.6970,1250.59,N/A,N/A
2025-07-10 21:31:59,98,38535,0.7005,1243.30,N/A,N/A
2025-07-10 21:31:59,99,38535,0.7022,1240.00,N/A,N/A
2025-07-10 21:32:00,100,38535,0.7038,1242.89,N/A,N/A
2025-07-10 21:32:00,101,38535,0.7184,1237.51,N/A,N/A
2025-07-10 21:32:00,102,38535,0.7260,1236.70,N/A,N/A
2025-07-10 21:32:00,103,38535,0.7389,1231.91,N/A,N/A
2025-07-10 21:32:00,104,38535,0.7078,1233.30,N/A,N/A
2025-07-10 21:32:00,105,38535,0.6772,1232.28,N/A,N/A
2025-07-10 21:32:00,106,38535,0.6772,1164.26,N/A,N/A
2025-07-10 21:32:00,107,38535,0.6979,1166.45,N/A,N/A
2025-07-10 21:32:00,108,38535,0.6706,1153.31,N/A,N/A
2025-07-10 21:32:01,109,38535,0.6743,1165.06,N/A,N/A
2025-07-10 21:32:01,110,38535,0.6603,1144.40,N/A,N/A
2025-07-10 21:32:01,111,38535,0.7123,1034.61,N/A,N/A
2025-07-10 21:32:02,112,38535,0.7166,994.90,N/A,N/A
2025-07-10 21:32:02,113,38535,0.7435,926.54,N/A,N/A
2025-07-10 21:32:02,114,38535,0.7693,863.99,N/A,N/A
2025-07-10 21:32:03,115,38535,0.7599,859.89,N/A,N/A
2025-07-10 21:32:03,116,38535,0.7374,880.66,N/A,N/A
2025-07-10 21:32:03,117,38535,0.7230,890.94,N/A,N/A
2025-07-10 21:32:03,118,38535,0.7075,905.64,N/A,N/A
2025-07-10 21:32:03,119,38535,0.7191,906.66,N/A,N/A
2025-07-10 21:32:03,120,38535,0.7312,907.01,0.1464,1200.00
2025-07-10 21:32:03,121,38535,0.7312,966.03,N/A,N/A
2025-07-10 21:32:03,122,38535,0.7051,952.46,N/A,N/A
2025-07-10 21:32:04,123,38535,0.6802,944.52,N/A,N/A
2025-07-10 21:32:04,124,38535,0.6828,892.10,N/A,N/A
2025-07-10 21:32:04,125,38535,0.6707,872.40,N/A,N/A
2025-07-10 21:32:05,126,38535,0.7170,750.76,N/A,N/A
2025-07-10 21:32:05,127,38535,0.7206,711.00,N/A,N/A
2025-07-10 21:32:05,128,38535,0.7435,640.56,N/A,N/A
2025-07-10 21:32:06,129,38535,0.7649,577.92,N/A,N/A
2025-07-10 21:32:06,130,38535,0.7566,577.79,N/A,N/A
2025-07-10 21:32:06,131,38535,0.7370,603.41,N/A,N/A
2025-07-10 21:32:06,132,38535,0.7244,618.07,N/A,N/A
2025-07-10 21:32:06,133,38535,0.7106,637.17,N/A,N/A
2025-07-10 21:32:06,134,38535,0.6742,639.77,N/A,N/A
2025-07-10 21:32:06,135,38535,0.6377,640.25,0.8550,3634.50
2025-07-10 21:32:06,136,38535,0.6377,695.06,N/A,N/A
2025-07-10 21:32:07,137,38535,0.6487,713.62,N/A,N/A
2025-07-10 21:32:07,138,38535,0.6622,726.73,N/A,N/A
2025-07-10 21:32:07,139,38535,0.6583,758.70,N/A,N/A
2025-07-10 21:32:08,140,38535,0.6648,776.32,N/A,N/A
2025-07-10 21:32:08,141,38535,0.6525,811.65,N/A,N/A
2025-07-10 21:32:08,142,38535,0.6523,833.02,N/A,N/A
2025-07-10 21:32:09,143,38535,0.6449,861.03,N/A,N/A
2025-07-10 21:32:09,144,38535,0.6438,866.49,N/A,N/A
2025-07-10 21:32:09,145,38535,0.6540,864.91,N/A,N/A
2025-07-10 21:32:10,146,38535,0.6998,816.13,N/A,N/A
2025-07-10 21:32:10,147,38535,0.7263,788.13,N/A,N/A
2025-07-10 21:32:10,148,38535,0.7486,760.30,N/A,N/A
2025-07-10 21:32:10,149,38535,0.7602,764.79,N/A,N/A
2025-07-10 21:32:10,150,38535,0.7724,768.20,0.7520,2207.40
2025-07-10 21:32:10,151,38535,0.7724,578.74,N/A,N/A
2025-07-10 21:32:10,152,38535,0.7733,580.06,N/A,N/A
2025-07-10 21:32:11,153,38535,0.7753,581.91,N/A,N/A
2025-07-10 21:32:11,154,38535,0.7757,578.86,N/A,N/A
2025-07-10 21:32:11,155,38535,0.7765,581.72,N/A,N/A
2025-07-10 21:32:12,156,38535,0.7817,567.15,N/A,N/A
2025-07-10 21:32:12,157,38535,0.7813,571.09,N/A,N/A
2025-07-10 21:32:12,158,38535,0.7578,639.47,N/A,N/A
2025-07-10 21:32:13,159,38535,0.7569,644.28,N/A,N/A
2025-07-10 21:32:13,160,38535,0.7595,644.94,N/A,N/A
2025-07-10 21:32:13,161,38535,0.7442,661.94,N/A,N/A
2025-07-10 21:32:13,162,38535,0.7317,676.10,N/A,N/A
2025-07-10 21:32:13,163,38535,0.7170,696.40,N/A,N/A
2025-07-10 21:32:13,164,38535,0.7264,698.86,N/A,N/A
2025-07-10 21:32:13,165,38535,0.7363,700.67,0.3921,873.41
2025-07-10 21:32:13,166,38535,0.7363,949.66,N/A,N/A
2025-07-10 21:32:14,167,38535,0.7162,938.08,N/A,N/A
2025-07-10 21:32:14,168,38535,0.6976,929.57,N/A,N/A
2025-07-10 21:32:14,169,38535,0.6976,892.55,N/A,N/A
2025-07-10 21:32:15,170,38535,0.6891,875.24,N/A,N/A
2025-07-10 21:32:15,171,38535,0.7163,798.82,N/A,N/A
2025-07-10 21:32:15,172,38535,0.7193,768.58,N/A,N/A
2025-07-10 21:32:16,173,38535,0.7496,693.75,N/A,N/A
2025-07-10 21:32:16,174,38535,0.7593,659.40,N/A,N/A
2025-07-10 21:32:16,175,38535,0.7575,650.02,N/A,N/A
2025-07-10 21:32:16,176,38535,0.7436,665.38,N/A,N/A
2025-07-10 21:32:16,177,38535,0.7322,678.26,N/A,N/A
2025-07-10 21:32:16,178,38535,0.7188,696.71,N/A,N/A
2025-07-10 21:32:16,179,38535,0.7273,698.97,N/A,N/A
2025-07-10 21:32:16,180,38535,0.7363,700.67,N/A,N/A
2025-07-10 21:32:16,181,38535,0.7363,930.51,N/A,N/A
2025-07-10 21:32:17,182,38535,0.7181,919.45,N/A,N/A
2025-07-10 21:32:17,183,38535,0.7011,911.33,N/A,N/A
2025-07-10 21:32:17,184,38535,0.7014,876.52,N/A,N/A
2025-07-10 21:32:18,185,38535,0.6936,860.31,N/A,N/A
2025-07-10 21:32:18,186,38535,0.7187,789.47,N/A,N/A
2025-07-10 21:32:18,187,38535,0.7214,761.72,N/A,N/A
2025-07-10 21:32:19,188,38535,0.7489,693.56,N/A,N/A
2025-07-10 21:32:19,189,38535,0.7575,662.60,N/A,N/A
2025-07-10 21:32:19,190,38535,0.7558,654.26,N/A,N/A
2025-07-10 21:32:19,191,38535,0.7431,668.25,N/A,N/A
2025-07-10 21:32:19,192,38535,0.7326,680.08,N/A,N/A
2025-07-10 21:32:19,193,38535,0.7203,696.98,N/A,N/A
2025-07-10 21:32:19,194,38535,0.7281,699.07,N/A,N/A
2025-07-10 21:32:19,195,38535,0.7363,700.67,N/A,N/A
2025-07-10 21:32:19,196,38535,0.7363,914.09,N/A,N/A
2025-07-10 21:32:20,197,38535,0.7196,903.52,N/A,N/A
2025-07-10 21:32:20,198,38535,0.7040,895.77,N/A,N/A
2025-07-10 21:32:20,199,38535,0.7045,862.93,N/A,N/A
2025-07-10 21:32:21,200,38535,0.6974,847.70,N/A,N/A
2025-07-10 21:32:21,201,38535,0.7207,781.71,N/A,N/A
2025-07-10 21:32:21,202,38535,0.7231,756.08,N/A,N/A
2025-07-10 21:32:22,203,38535,0.7482,693.53,N/A,N/A
2025-07-10 21:32:22,204,38535,0.7560,665.35,N/A,N/A
2025-07-10 21:32:22,205,38535,0.7543,657.85,N/A,N/A
2025-07-10 21:32:22,206,38535,0.7651,647.68,N/A,N/A
2025-07-10 21:32:22,207,38535,0.7544,660.07,N/A,N/A
2025-07-10 21:32:23,208,38535,0.7717,637.39,N/A,N/A
2025-07-10 21:32:23,209,38535,0.7779,641.92,N/A,N/A
2025-07-10 21:32:23,210,38535,0.7845,645.87,0.0022,1898.00
2025-07-10 21:32:23,211,38535,0.7845,859.44,N/A,N/A
2025-07-10 21:32:23,212,38535,0.7678,848.81,N/A,N/A
2025-07-10 21:32:23,213,38535,0.7520,841.37,N/A,N/A
2025-07-10 21:32:24,214,38535,0.7531,807.79,N/A,N/A
2025-07-10 21:32:24,215,38535,0.7458,793.03,N/A,N/A
2025-07-10 21:32:24,216,38535,0.7706,725.64,N/A,N/A
2025-07-10 21:32:25,217,38535,0.7727,700.85,N/A,N/A
2025-07-10 21:32:25,218,38535,0.7985,638.37,N/A,N/A
2025-07-10 21:32:25,219,38535,0.8054,611.85,N/A,N/A
2025-07-10 21:32:26,220,38535,0.8023,606.70,N/A,N/A
2025-07-10 21:32:26,221,38535,0.7940,612.62,N/A,N/A
2025-07-10 21:32:26,222,38535,0.7825,626.12,N/A,N/A
2025-07-10 21:32:26,223,38535,0.7727,637.97,N/A,N/A
2025-07-10 21:32:26,224,38535,0.7784,642.18,N/A,N/A
2025-07-10 21:32:26,225,38535,0.7845,645.87,N/A,N/A
2025-07-10 21:32:26,226,38535,0.7845,846.09,N/A,N/A
2025-07-10 21:32:26,227,38535,0.7690,835.90,N/A,N/A
2025-07-10 21:32:27,228,38535,0.7543,828.76,N/A,N/A
2025-07-10 21:32:27,229,38535,0.7556,796.89,N/A,N/A
2025-07-10 21:32:27,230,38535,0.7487,782.93,N/A,N/A
2025-07-10 21:32:28,231,38535,0.7720,719.61,N/A,N/A
2025-07-10 21:32:28,232,38535,0.7740,696.47,N/A,N/A
2025-07-10 21:32:28,233,38535,0.7978,638.41,N/A,N/A
2025-07-10 21:32:29,234,38535,0.8041,613.93,N/A,N/A
2025-07-10 21:32:29,235,38535,0.8012,609.24,N/A,N/A
2025-07-10 21:32:29,236,38535,0.7934,614.80,N/A,N/A
2025-07-10 21:32:29,237,38535,0.7827,627.38,N/A,N/A
2025-07-10 21:32:29,238,38535,0.7735,638.48,N/A,N/A
2025-07-10 21:32:29,239,38535,0.7788,642.40,N/A,N/A
2025-07-10 21:32:29,240,38535,0.7845,645.87,N/A,N/A
2025-07-10 21:32:29,241,38535,0.7845,834.31,N/A,N/A
2025-07-10 21:32:30,242,38535,0.7701,824.52,N/A,N/A
2025-07-10 21:32:30,243,38535,0.7563,817.66,N/A,N/A
2025-07-10 21:32:30,244,38535,0.7576,787.36,N/A,N/A
2025-07-10 21:32:31,245,38535,0.7513,774.11,N/A,N/A
2025-07-10 21:32:31,246,38535,0.7732,714.41,N/A,N/A
2025-07-10 21:32:31,247,38535,0.7750,692.71,N/A,N/A
2025-07-10 21:32:32,248,38535,0.7972,638.50,N/A,N/A
2025-07-10 21:32:32,249,38535,0.8030,615.78,N/A,N/A
2025-07-10 21:32:32,250,38535,0.8002,611.47,N/A,N/A
2025-07-10 21:32:32,251,38535,0.7929,616.70,N/A,N/A
2025-07-10 21:32:32,252,38535,0.7829,628.49,N/A,N/A
2025-07-10 21:32:32,253,38535,0.7742,638.92,N/A,N/A
2025-07-10 21:32:33,254,38535,0.7792,642.60,N/A,N/A
2025-07-10 21:32:33,255,38535,0.7845,645.87,N/A,N/A
2025-07-10 21:32:33,256,38535,0.7845,607.73,N/A,N/A
2025-07-10 21:32:33,257,38535,0.8001,651.73,N/A,N/A
2025-07-10 21:32:33,258,38535,0.7864,647.27,N/A,N/A
2025-07-10 21:32:34,259,38535,0.7749,717.62,N/A,N/A
2025-07-10 21:32:34,260,38535,0.7808,756.28,N/A,N/A
2025-07-10 21:32:34,261,38535,0.7930,716.05,N/A,N/A
2025-07-10 21:32:35,262,38535,0.7853,764.33,N/A,N/A
2025-07-10 21:32:35,263,38535,0.7548,836.59,N/A,N/A
2025-07-10 21:32:35,264,38535,0.7502,859.33,N/A,N/A
2025-07-10 21:32:36,265,38535,0.7552,866.78,N/A,N/A
2025-07-10 21:32:36,266,38535,0.7476,872.22,N/A,N/A
2025-07-10 21:32:36,267,38535,0.7610,860.46,N/A,N/A
2025-07-10 21:32:36,268,38535,0.7739,848.68,N/A,N/A
2025-07-10 21:32:36,269,38535,0.7778,850.95,N/A,N/A
2025-07-10 21:32:36,270,38535,0.7556,845.30,0.1331,1961.41
2025-07-10 21:32:36,271,38535,0.7556,814.05,N/A,N/A
2025-07-10 21:32:36,272,38535,0.7620,837.15,N/A,N/A
2025-07-10 21:32:37,273,38535,0.7866,837.16,N/A,N/A
2025-07-10 21:32:37,274,38535,0.7800,870.22,N/A,N/A
2025-07-10 21:32:37,275,38535,0.7805,893.11,N/A,N/A
2025-07-10 21:32:38,276,38535,0.7690,939.79,N/A,N/A
2025-07-10 21:32:38,277,38535,0.7641,963.49,N/A,N/A
2025-07-10 21:32:38,278,38535,0.7487,995.83,N/A,N/A
2025-07-10 21:32:39,279,38535,0.7390,1028.12,N/A,N/A
2025-07-10 21:32:39,280,38535,0.7409,1037.76,N/A,N/A
2025-07-10 21:32:39,281,38535,0.7321,1043.88,N/A,N/A
2025-07-10 21:32:39,282,38535,0.7245,1049.23,N/A,N/A
2025-07-10 21:32:39,283,38535,0.7179,1053.97,N/A,N/A
2025-07-10 21:32:39,284,38535,0.7211,1054.92,N/A,N/A
2025-07-10 21:32:39,285,38535,0.7271,1054.29,0.4814,1936.43
2025-07-10 21:32:39,286,38535,0.7271,1182.46,N/A,N/A
2025-07-10 21:32:40,287,38535,0.7181,1172.17,N/A,N/A
2025-07-10 21:32:40,288,38535,0.7042,1171.61,N/A,N/A
2025-07-10 21:32:40,289,38535,0.7033,1177.31,N/A,N/A
2025-07-10 21:32:41,290,38535,0.7036,1182.98,N/A,N/A
2025-07-10 21:32:41,291,38535,0.7017,1189.39,N/A,N/A
2025-07-10 21:32:41,292,38535,0.7042,1174.87,N/A,N/A
2025-07-10 21:32:42,293,38535,0.7175,1148.91,N/A,N/A
2025-07-10 21:32:42,294,38535,0.7240,1132.81,N/A,N/A
2025-07-10 21:32:42,295,38535,0.7248,1125.35,N/A,N/A
2025-07-10 21:32:43,296,38535,0.7366,1119.11,N/A,N/A
2025-07-10 21:32:43,297,38535,0.7477,1113.22,N/A,N/A
2025-07-10 21:32:43,298,38535,0.7582,1107.46,N/A,N/A
2025-07-10 21:32:43,299,38535,0.7423,1102.77,N/A,N/A
2025-07-10 21:32:43,300,38535,0.7218,1103.52,0.1706,1550.00
2025-07-10 21:32:43,301,38535,0.7218,910.31,N/A,N/A
2025-07-10 21:32:44,302,38535,0.7108,901.77,N/A,N/A
2025-07-10 21:32:44,303,38535,0.6949,906.40,N/A,N/A
2025-07-10 21:32:44,304,38535,0.6997,875.87,N/A,N/A
2025-07-10 21:32:45,305,38535,0.7003,855.24,N/A,N/A
2025-07-10 21:32:45,306,38535,0.7102,820.94,N/A,N/A
2025-07-10 21:32:45,307,38535,0.7126,802.28,N/A,N/A
2025-07-10 21:32:46,308,38535,0.7274,764.48,N/A,N/A
2025-07-10 21:32:46,309,38535,0.7338,743.73,N/A,N/A
2025-07-10 21:32:46,310,38535,0.7332,737.56,N/A,N/A
2025-07-10 21:32:46,311,38535,0.7244,747.22,N/A,N/A
2025-07-10 21:32:46,312,38535,0.7168,755.71,N/A,N/A
2025-07-10 21:32:46,313,38535,0.7103,763.26,N/A,N/A
2025-07-10 21:32:47,314,38535,0.7145,765.65,N/A,N/A
2025-07-10 21:32:47,315,38535,0.7218,765.41,N/A,N/A
2025-07-10 21:32:47,316,38535,0.7218,903.73,N/A,N/A
2025-07-10 21:32:47,317,38535,0.7260,909.21,N/A,N/A
2025-07-10 21:32:47,318,38535,0.7106,913.61,N/A,N/A
2025-07-10 21:32:48,319,38535,0.7149,885.65,N/A,N/A
2025-07-10 21:32:48,320,38535,0.7151,866.90,N/A,N/A
2025-07-10 21:32:48,321,38535,0.7113,878.70,N/A,N/A
2025-07-10 21:32:49,322,38535,0.7125,863.51,N/A,N/A
2025-07-10 21:32:49,323,38535,0.7246,832.51,N/A,N/A
2025-07-10 21:32:49,324,38535,0.7294,815.70,N/A,N/A
2025-07-10 21:32:50,325,38535,0.7283,810.85,N/A,N/A
2025-07-10 21:32:50,326,38535,0.7203,818.94,N/A,N/A
2025-07-10 21:32:50,327,38535,0.7133,826.07,N/A,N/A
2025-07-10 21:32:50,328,38535,0.7073,832.41,N/A,N/A
2025-07-10 21:32:50,329,38535,0.7113,834.07,N/A,N/A
2025-07-10 21:32:50,330,38535,0.7182,833.47,0.1082,2014.67
2025-07-10 21:32:50,331,38535,0.7182,649.83,N/A,N/A
2025-07-10 21:32:50,332,38535,0.7111,635.83,N/A,N/A
2025-07-10 21:32:51,333,38535,0.6967,643.21,N/A,N/A
2025-07-10 21:32:51,334,38535,0.6996,613.95,N/A,N/A
2025-07-10 21:32:51,335,38535,0.6991,595.18,N/A,N/A
2025-07-10 21:32:52,336,38535,0.7117,550.90,N/A,N/A
2025-07-10 21:32:52,337,38535,0.7129,534.10,N/A,N/A
2025-07-10 21:32:52,338,38535,0.7244,497.91,N/A,N/A
2025-07-10 21:32:53,339,38535,0.7289,479.21,N/A,N/A
2025-07-10 21:32:53,340,38535,0.7279,475.05,N/A,N/A
2025-07-10 21:32:53,341,38535,0.7202,486.45,N/A,N/A
2025-07-10 21:32:53,342,38535,0.7136,496.62,N/A,N/A
2025-07-10 21:32:53,343,38535,0.7078,505.81,N/A,N/A
2025-07-10 21:32:53,344,38535,0.7117,508.51,N/A,N/A
2025-07-10 21:32:53,345,38535,0.7182,508.58,N/A,N/A
2025-07-10 21:32:53,346,38535,0.7182,332.59,N/A,N/A
2025-07-10 21:32:54,347,38535,0.7115,317.52,N/A,N/A
2025-07-10 21:32:54,348,38535,0.6977,327.68,N/A,N/A
2025-07-10 21:32:54,349,38535,0.6865,400.45,N/A,N/A
2025-07-10 21:32:55,350,38535,0.6833,449.48,N/A,N/A
2025-07-10 21:32:55,351,38535,0.6915,412.78,N/A,N/A
2025-07-10 21:32:55,352,38535,0.6909,400.53,N/A,N/A
2025-07-10 21:32:56,353,38535,0.6984,371.32,N/A,N/A
2025-07-10 21:32:56,354,38535,0.7008,357.27,N/A,N/A
2025-07-10 21:32:56,355,38535,0.6991,355.50,N/A,N/A
2025-07-10 21:32:56,356,38535,0.6926,366.78,N/A,N/A
2025-07-10 21:32:56,357,38535,0.6870,376.92,N/A,N/A
2025-07-10 21:32:57,358,38535,0.6821,386.13,N/A,N/A
2025-07-10 21:32:57,359,38535,0.6859,388.01,N/A,N/A
2025-07-10 21:32:57,360,38535,0.6621,394.27,0.0046,1794.42
2025-07-10 21:32:57,361,38535,0.6621,524.17,N/A,N/A
2025-07-10 21:32:57,362,38535,0.6736,554.32,N/A,N/A
2025-07-10 21:32:57,363,38535,0.6606,564.01,N/A,N/A
2025-07-10 21:32:58,364,38535,0.6670,526.95,N/A,N/A
2025-07-10 21:32:58,365,38535,0.6707,499.27,N/A,N/A
2025-07-10 21:32:58,366,38535,0.6773,467.31,N/A,N/A
2025-07-10 21:32:59,367,38535,0.6739,506.42,N/A,N/A
2025-07-10 21:32:59,368,38535,0.6792,483.85,N/A,N/A
2025-07-10 21:33:00,369,38535,0.6802,473.84,N/A,N/A
2025-07-10 21:33:00,370,38535,0.6778,473.81,N/A,N/A
2025-07-10 21:33:00,371,38535,0.6715,484.26,N/A,N/A
2025-07-10 21:33:00,372,38535,0.6660,493.70,N/A,N/A
2025-07-10 21:33:01,373,38535,0.6612,502.34,N/A,N/A
2025-07-10 21:33:02,374,38535,0.6646,503.94,N/A,N/A
2025-07-10 21:33:02,375,38535,0.6725,500.78,0.0913,2006.33
2025-07-10 21:33:02,376,38535,0.6725,620.24,N/A,N/A
2025-07-10 21:33:03,377,38535,0.6691,602.07,N/A,N/A
2025-07-10 21:33:03,378,38535,0.6566,611.31,N/A,N/A
2025-07-10 21:33:04,379,38535,0.6617,579.32,N/A,N/A
2025-07-10 21:33:04,380,38535,0.6643,555.74,N/A,N/A
2025-07-10 21:33:05,381,38535,0.6695,528.53,N/A,N/A
2025-07-10 21:33:05,382,38535,0.6739,506.07,N/A,N/A
2025-07-10 21:33:06,383,38535,0.6789,484.47,N/A,N/A
2025-07-10 21:33:06,384,38535,0.6799,474.91,N/A,N/A
2025-07-10 21:33:06,385,38535,0.6776,474.90,N/A,N/A
2025-07-10 21:33:06,386,38535,0.6716,484.91,N/A,N/A
2025-07-10 21:33:06,387,38535,0.6663,493.97,N/A,N/A
2025-07-10 21:33:06,388,38535,0.6616,502.26,N/A,N/A
2025-07-10 21:33:07,389,38535,0.6649,503.81,N/A,N/A
2025-07-10 21:33:07,390,38535,0.6725,500.78,N/A,N/A
2025-07-10 21:33:07,391,38535,0.6725,479.86,N/A,N/A
2025-07-10 21:33:07,392,38535,0.6735,491.07,N/A,N/A
2025-07-10 21:33:07,393,38535,0.7098,470.08,N/A,N/A
2025-07-10 21:33:08,394,38535,0.7144,438.62,N/A,N/A
2025-07-10 21:33:08,395,38535,0.7125,453.03,N/A,N/A
2025-07-10 21:33:08,396,38535,0.7166,428.69,N/A,N/A
2025-07-10 21:33:09,397,38535,0.7199,409.02,N/A,N/A
2025-07-10 21:33:09,398,38535,0.7161,424.56,N/A,N/A
2025-07-10 21:33:09,399,38535,0.7150,433.83,N/A,N/A
2025-07-10 21:33:10,400,38535,0.7177,434.32,N/A,N/A
2025-07-10 21:33:10,401,38535,0.7390,401.28,N/A,N/A
2025-07-10 21:33:10,402,38535,0.7328,411.93,N/A,N/A
2025-07-10 21:33:10,403,38535,0.7272,421.82,N/A,N/A
2025-07-10 21:33:10,404,38535,0.7298,424.39,N/A,N/A
2025-07-10 21:33:10,405,38535,0.6894,440.59,0.0037,1893.03
2025-07-10 21:33:10,406,38535,0.6894,420.15,N/A,N/A
2025-07-10 21:33:10,407,38535,0.6898,432.45,N/A,N/A
2025-07-10 21:33:11,408,38535,0.6995,429.54,N/A,N/A
2025-07-10 21:33:11,409,38535,0.6978,443.81,N/A,N/A
2025-07-10 21:33:11,410,38535,0.6957,457.97,N/A,N/A
2025-07-10 21:33:12,411,38535,0.6940,470.82,N/A,N/A
2025-07-10 21:33:12,412,38535,0.6905,496.87,N/A,N/A
2025-07-10 21:33:12,413,38535,0.6873,510.18,N/A,N/A
2025-07-10 21:33:13,414,38535,0.6863,518.55,N/A,N/A
2025-07-10 21:33:13,415,38535,0.6883,519.92,N/A,N/A
2025-07-10 21:33:13,416,38535,0.6971,507.69,N/A,N/A
2025-07-10 21:33:13,417,38535,0.6909,518.12,N/A,N/A
2025-07-10 21:33:13,418,38535,0.6854,527.86,N/A,N/A
2025-07-10 21:33:13,419,38535,0.6877,530.19,N/A,N/A
2025-07-10 21:33:13,420,38535,0.6636,544.65,0.1945,1778.78
2025-07-10 21:33:13,421,38535,0.6636,400.41,N/A,N/A
2025-07-10 21:33:14,422,38535,0.6644,410.68,N/A,N/A
2025-07-10 21:33:14,423,38535,0.6877,409.00,N/A,N/A
2025-07-10 21:33:14,424,38535,0.6866,420.93,N/A,N/A
2025-07-10 21:33:15,425,38535,0.6852,432.91,N/A,N/A
2025-07-10 21:33:15,426,38535,0.6840,443.91,N/A,N/A
2025-07-10 21:33:15,427,38535,0.6797,470.17,N/A,N/A
2025-07-10 21:33:16,428,38535,0.6771,481.80,N/A,N/A
2025-07-10 21:33:16,429,38535,0.6762,489.39,N/A,N/A
2025-07-10 21:33:16,430,38535,0.6777,491.22,N/A,N/A
2025-07-10 21:33:16,431,38535,0.6891,476.00,N/A,N/A
2025-07-10 21:33:17,432,38535,0.7033,450.53,N/A,N/A
2025-07-10 21:33:17,433,38535,0.7175,424.50,N/A,N/A
2025-07-10 21:33:17,434,38535,0.7065,405.58,N/A,N/A
2025-07-10 21:33:17,435,38535,0.6836,418.95,0.0736,1312.47
2025-07-10 21:33:17,436,38535,0.6836,405.76,N/A,N/A
2025-07-10 21:33:17,437,38535,0.6853,449.90,N/A,N/A
2025-07-10 21:33:18,438,38535,0.7032,458.08,N/A,N/A
2025-07-10 21:33:18,439,38535,0.6985,504.45,N/A,N/A
2025-07-10 21:33:18,440,38535,0.6977,513.95,N/A,N/A
2025-07-10 21:33:19,441,38535,0.6935,550.51,N/A,N/A
2025-07-10 21:33:19,442,38535,0.6863,588.18,N/A,N/A
2025-07-10 21:33:19,443,38535,0.6847,596.76,N/A,N/A
2025-07-10 21:33:20,444,38535,0.6821,618.21,N/A,N/A
2025-07-10 21:33:20,445,38535,0.6842,618.74,N/A,N/A
2025-07-10 21:33:20,446,38535,0.6898,612.41,N/A,N/A
2025-07-10 21:33:20,447,38535,0.7029,591.86,N/A,N/A
2025-07-10 21:33:20,448,38535,0.7157,570.98,N/A,N/A
2025-07-10 21:33:21,449,38535,0.7049,557.87,N/A,N/A
2025-07-10 21:33:21,450,38535,0.6844,569.16,0.3191,2284.50
2025-07-10 21:33:21,451,38535,0.6844,676.58,N/A,N/A
2025-07-10 21:33:21,452,38535,0.6817,659.10,N/A,N/A
2025-07-10 21:33:21,453,38535,0.6736,656.75,N/A,N/A
2025-07-10 21:33:22,454,38535,0.6757,633.92,N/A,N/A
2025-07-10 21:33:22,455,38535,0.6761,617.03,N/A,N/A
2025-07-10 21:33:22,456,38535,0.6789,597.39,N/A,N/A
2025-07-10 21:33:23,457,38535,0.6760,608.67,N/A,N/A
2025-07-10 21:33:23,458,38535,0.6789,593.52,N/A,N/A
2025-07-10 21:33:23,459,38535,0.6766,602.82,N/A,N/A
2025-07-10 21:33:24,460,38535,0.6743,602.74,N/A,N/A
2025-07-10 21:33:24,461,38535,0.6794,597.27,N/A,N/A
2025-07-10 21:33:24,462,38535,0.6924,576.23,N/A,N/A
2025-07-10 21:33:24,463,38535,0.6856,587.72,N/A,N/A
2025-07-10 21:33:24,464,38535,0.6882,591.13,N/A,N/A
2025-07-10 21:33:24,465,38535,0.6991,584.92,0.0037,1941.90
2025-07-10 21:33:24,466,38535,0.6991,690.53,N/A,N/A
2025-07-10 21:33:24,467,38535,0.6960,674.63,N/A,N/A
2025-07-10 21:33:25,468,38535,0.6874,673.25,N/A,N/A
2025-07-10 21:33:25,469,38535,0.6889,652.43,N/A,N/A
2025-07-10 21:33:25,470,38535,0.6887,637.36,N/A,N/A
2025-07-10 21:33:26,471,38535,0.6908,619.77,N/A,N/A
2025-07-10 21:33:26,472,38535,0.6982,593.20,N/A,N/A
2025-07-10 21:33:26,473,38535,0.7008,578.88,N/A,N/A
2025-07-10 21:33:27,474,38535,0.7054,562.24,N/A,N/A
2025-07-10 21:33:27,475,38535,0.7027,562.88,N/A,N/A
2025-07-10 21:33:27,476,38535,0.6990,566.25,N/A,N/A
2025-07-10 21:33:27,477,38535,0.6926,576.50,N/A,N/A
2025-07-10 21:33:27,478,38535,0.6860,587.62,N/A,N/A
2025-07-10 21:33:28,479,38535,0.6885,590.91,N/A,N/A
2025-07-10 21:33:28,480,38535,0.6991,584.92,N/A,N/A
2025-07-10 21:33:28,481,38535,0.6991,687.33,N/A,N/A
2025-07-10 21:33:28,482,38535,0.6961,671.85,N/A,N/A
2025-07-10 21:33:28,483,38535,0.6878,670.49,N/A,N/A
2025-07-10 21:33:29,484,38535,0.6893,650.26,N/A,N/A
2025-07-10 21:33:29,485,38535,0.6891,635.63,N/A,N/A
2025-07-10 21:33:29,486,38535,0.6911,618.58,N/A,N/A
2025-07-10 21:33:30,487,38535,0.6983,592.86,N/A,N/A
2025-07-10 21:33:30,488,38535,0.7007,579.02,N/A,N/A
2025-07-10 21:33:30,489,38535,0.7052,562.94,N/A,N/A
2025-07-10 21:33:31,490,38535,0.7026,563.57,N/A,N/A
2025-07-10 21:33:31,491,38535,0.6991,566.83,N/A,N/A
2025-07-10 21:33:31,492,38535,0.7101,549.73,N/A,N/A
2025-07-10 21:33:31,493,38535,0.7244,525.94,N/A,N/A
2025-07-10 21:33:32,494,38535,0.7144,508.28,N/A,N/A
2025-07-10 21:33:32,495,38535,0.7246,503.84,0.1982,1735.82
2025-07-10 21:33:32,496,38535,0.7246,611.48,N/A,N/A
2025-07-10 21:33:32,497,38535,0.7250,653.88,N/A,N/A
2025-07-10 21:33:32,498,38535,0.7427,664.63,N/A,N/A
2025-07-10 21:33:33,499,38535,0.7366,708.23,N/A,N/A
2025-07-10 21:33:33,500,38535,0.7353,740.08,N/A,N/A
2025-07-10 21:33:33,501,38535,0.7308,772.83,N/A,N/A
2025-07-10 21:33:34,502,38535,0.7185,812.94,N/A,N/A
2025-07-10 21:33:34,503,38535,0.7150,836.97,N/A,N/A
2025-07-10 21:33:34,504,38535,0.7080,862.64,N/A,N/A
2025-07-10 21:33:35,505,38535,0.7174,861.93,N/A,N/A
2025-07-10 21:33:35,506,38535,0.7233,857.70,N/A,N/A
2025-07-10 21:33:35,507,38535,0.7335,846.97,N/A,N/A
2025-07-10 21:33:35,508,38535,0.7463,832.18,N/A,N/A
2025-07-10 21:33:36,509,38535,0.7364,823.61,N/A,N/A
2025-07-10 21:33:36,510,38535,0.7185,829.36,0.5301,3810.40
2025-07-10 21:33:36,511,38535,0.7185,924.86,N/A,N/A
2025-07-10 21:33:36,512,38535,0.7157,910.92,N/A,N/A
2025-07-10 21:33:36,513,38535,0.7074,908.34,N/A,N/A
2025-07-10 21:33:37,514,38535,0.7090,890.53,N/A,N/A
2025-07-10 21:33:37,515,38535,0.7091,877.13,N/A,N/A
2025-07-10 21:33:37,516,38535,0.7114,861.74,N/A,N/A
2025-07-10 21:33:38,517,38535,0.7190,839.33,N/A,N/A
2025-07-10 21:33:38,518,38535,0.7218,826.43,N/A,N/A
2025-07-10 21:33:38,519,38535,0.7268,811.65,N/A,N/A
2025-07-10 21:33:39,520,38535,0.7243,810.74,N/A,N/A
2025-07-10 21:33:39,521,38535,0.7193,814.79,N/A,N/A
2025-07-10 21:33:39,522,38535,0.7127,822.30,N/A,N/A
2025-07-10 21:33:39,523,38535,0.7058,830.77,N/A,N/A
2025-07-10 21:33:39,524,38535,0.7091,833.13,N/A,N/A
2025-07-10 21:33:39,525,38535,0.7185,829.36,N/A,N/A
2025-07-10 21:33:39,526,38535,0.7185,922.21,N/A,N/A
2025-07-10 21:33:39,527,38535,0.7158,908.61,N/A,N/A
2025-07-10 21:33:40,528,38535,0.7077,906.09,N/A,N/A
2025-07-10 21:33:40,529,38535,0.7093,888.74,N/A,N/A
2025-07-10 21:33:40,530,38535,0.7094,875.70,N/A,N/A
2025-07-10 21:33:41,531,38535,0.7117,860.75,N/A,N/A
2025-07-10 21:33:41,532,38535,0.7190,838.99,N/A,N/A
2025-07-10 21:33:41,533,38535,0.7218,826.47,N/A,N/A
2025-07-10 21:33:42,534,38535,0.7266,812.16,N/A,N/A
2025-07-10 21:33:42,535,38535,0.7241,811.28,N/A,N/A
2025-07-10 21:33:42,536,38535,0.7192,815.20,N/A,N/A
2025-07-10 21:33:42,537,38535,0.7128,822.49,N/A,N/A
2025-07-10 21:33:42,538,38535,0.7062,830.72,N/A,N/A
2025-07-10 21:33:42,539,38535,0.7094,833.01,N/A,N/A
2025-07-10 21:33:42,540,38535,0.7185,829.36,N/A,N/A
2025-07-10 21:33:42,541,38535,0.7185,919.70,N/A,N/A
2025-07-10 21:33:42,542,38535,0.7194,926.95,N/A,N/A
2025-07-10 21:33:43,543,38535,0.7247,929.64,N/A,N/A
2025-07-10 21:33:43,544,38535,0.7236,937.99,N/A,N/A
2025-07-10 21:33:43,545,38535,0.7234,945.27,N/A,N/A
2025-07-10 21:33:44,546,38535,0.7222,953.13,N/A,N/A
2025-07-10 21:33:44,547,38535,0.7188,962.53,N/A,N/A
2025-07-10 21:33:44,548,38535,0.7117,989.37,N/A,N/A
2025-07-10 21:33:45,549,38535,0.7092,996.83,N/A,N/A
2025-07-10 21:33:45,550,38535,0.7117,998.09,N/A,N/A
2025-07-10 21:33:45,551,38535,0.7069,1001.16,N/A,N/A
2025-07-10 21:33:45,552,38535,0.7296,982.82,N/A,N/A
2025-07-10 21:33:45,553,38535,0.7229,989.41,N/A,N/A
2025-07-10 21:33:45,554,38535,0.7256,991.14,N/A,N/A
2025-07-10 21:33:45,555,38535,0.7336,988.55,0.3020,2473.10
2025-07-10 21:33:45,556,38535,0.7336,1071.73,N/A,N/A
2025-07-10 21:33:46,557,38535,0.7306,1060.70,N/A,N/A
2025-07-10 21:33:46,558,38535,0.7231,1057.87,N/A,N/A
2025-07-10 21:33:46,559,38535,0.7242,1043.99,N/A,N/A
2025-07-10 21:33:47,560,38535,0.7241,1033.27,N/A,N/A
2025-07-10 21:33:47,561,38535,0.7259,1021.09,N/A,N/A
2025-07-10 21:33:47,562,38535,0.7323,1003.88,N/A,N/A
2025-07-10 21:33:48,563,38535,0.7371,990.15,N/A,N/A
2025-07-10 21:33:48,564,38535,0.7416,978.24,N/A,N/A
2025-07-10 21:33:48,565,38535,0.7396,976.37,N/A,N/A
2025-07-10 21:33:48,566,38535,0.7343,979.94,N/A,N/A
2025-07-10 21:33:48,567,38535,0.7298,982.97,N/A,N/A
2025-07-10 21:33:48,568,38535,0.7232,989.38,N/A,N/A
2025-07-10 21:33:49,569,38535,0.7259,991.06,N/A,N/A
2025-07-10 21:33:49,570,38535,0.7077,998.02,0.3990,1779.38
2025-07-10 21:33:49,571,38535,0.7077,851.11,N/A,N/A
2025-07-10 21:33:49,572,38535,0.7102,880.66,N/A,N/A
2025-07-10 21:33:49,573,38535,0.7254,890.68,N/A,N/A
2025-07-10 21:33:50,574,38535,0.7254,877.37,N/A,N/A
2025-07-10 21:33:51,575,38535,0.7244,867.50,N/A,N/A
2025-07-10 21:33:51,576,38535,0.7252,856.07,N/A,N/A
2025-07-10 21:33:52,577,38535,0.7302,839.30,N/A,N/A
2025-07-10 21:33:52,578,38535,0.7338,826.28,N/A,N/A
2025-07-10 21:33:53,579,38535,0.7371,815.18,N/A,N/A
2025-07-10 21:33:53,580,38535,0.7347,814.60,N/A,N/A
2025-07-10 21:33:54,581,38535,0.7421,808.19,N/A,N/A
2025-07-10 21:33:54,582,38535,0.7372,812.92,N/A,N/A
2025-07-10 21:33:54,583,38535,0.7306,821.08,N/A,N/A
2025-07-10 21:33:55,584,38535,0.7330,823.54,N/A,N/A
2025-07-10 21:33:55,585,38535,0.7140,832.68,0.0273,1641.50
2025-07-10 21:33:55,586,38535,0.7140,747.89,N/A,N/A
2025-07-10 21:33:55,587,38535,0.7136,756.67,N/A,N/A
2025-07-10 21:33:56,588,38535,0.7163,761.71,N/A,N/A
2025-07-10 21:33:56,589,38535,0.7162,769.62,N/A,N/A
2025-07-10 21:33:56,590,38535,0.7168,776.18,N/A,N/A
2025-07-10 21:33:56,591,38535,0.7164,783.47,N/A,N/A
2025-07-10 21:33:57,592,38535,0.7058,819.76,N/A,N/A
2025-07-10 21:33:57,593,38535,0.6982,848.23,N/A,N/A
2025-07-10 21:33:57,594,38535,0.6967,854.80,N/A,N/A
2025-07-10 21:33:58,595,38535,0.6937,855.72,N/A,N/A
2025-07-10 21:33:58,596,38535,0.7067,846.89,N/A,N/A
2025-07-10 21:33:58,597,38535,0.7138,839.81,N/A,N/A
2025-07-10 21:33:58,598,38535,0.7275,822.64,N/A,N/A
2025-07-10 21:33:58,599,38535,0.7294,825.44,N/A,N/A
2025-07-10 21:33:59,600,38535,0.6814,852.47,0.0045,1884.06
2025-07-10 21:33:59,601,38535,0.6814,933.36,N/A,N/A
2025-07-10 21:33:59,602,38535,0.6804,918.65,N/A,N/A
2025-07-10 21:33:59,603,38535,0.6751,913.23,N/A,N/A
2025-07-10 21:34:00,604,38535,0.6741,901.81,N/A,N/A
2025-07-10 21:34:00,605,38535,0.6723,893.55,N/A,N/A
2025-07-10 21:34:00,606,38535,0.6722,883.80,N/A,N/A
2025-07-10 21:34:01,607,38535,0.6780,865.39,N/A,N/A
2025-07-10 21:34:01,608,38535,0.6825,850.53,N/A,N/A
2025-07-10 21:34:01,609,38535,0.6849,840.85,N/A,N/A
2025-07-10 21:34:02,610,38535,0.6811,843.16,N/A,N/A
2025-07-10 21:34:02,611,38535,0.6779,844.90,N/A,N/A
2025-07-10 21:34:02,612,38535,0.6734,849.70,N/A,N/A
2025-07-10 21:34:02,613,38535,0.6673,857.77,N/A,N/A
2025-07-10 21:34:02,614,38535,0.6691,860.61,N/A,N/A
2025-07-10 21:34:02,615,38535,0.6814,852.47,N/A,N/A
2025-07-10 21:34:02,616,38535,0.6814,772.22,N/A,N/A
2025-07-10 21:34:03,617,38535,0.6815,780.10,N/A,N/A
2025-07-10 21:34:03,618,38535,0.6845,784.29,N/A,N/A
2025-07-10 21:34:03,619,38535,0.6848,791.31,N/A,N/A
2025-07-10 21:34:03,620,38535,0.6866,804.98,N/A,N/A
2025-07-10 21:34:04,621,38535,0.6866,811.30,N/A,N/A
2025-07-10 21:34:04,622,38535,0.6797,834.16,N/A,N/A
2025-07-10 21:34:04,623,38535,0.6741,853.27,N/A,N/A
2025-07-10 21:34:05,624,38535,0.6709,867.05,N/A,N/A
2025-07-10 21:34:05,625,38535,0.6785,863.25,N/A,N/A
2025-07-10 21:34:05,626,38535,0.6750,865.74,N/A,N/A
2025-07-10 21:34:05,627,38535,0.6706,870.53,N/A,N/A
2025-07-10 21:34:05,628,38535,0.6650,877.76,N/A,N/A
2025-07-10 21:34:06,629,38535,0.6668,880.00,N/A,N/A
2025-07-10 21:34:06,630,38535,0.6774,873.31,0.3928,1410.44
2025-07-10 21:34:06,631,38535,0.6774,752.80,N/A,N/A
2025-07-10 21:34:06,632,38535,0.6781,782.19,N/A,N/A
2025-07-10 21:34:06,633,38535,0.6843,790.33,N/A,N/A
2025-07-10 21:34:07,634,38535,0.6856,813.24,N/A,N/A
2025-07-10 21:34:07,635,38535,0.6872,832.93,N/A,N/A
2025-07-10 21:34:07,636,38535,0.6876,851.89,N/A,N/A
2025-07-10 21:34:08,637,38535,0.6784,881.95,N/A,N/A
2025-07-10 21:34:08,638,38535,0.6708,907.08,N/A,N/A
2025-07-10 21:34:08,639,38535,0.6660,925.84,N/A,N/A
2025-07-10 21:34:09,640,38535,0.6729,925.76,N/A,N/A
2025-07-10 21:34:09,641,38535,0.6693,928.58,N/A,N/A
2025-07-10 21:34:09,642,38535,0.6651,932.86,N/A,N/A
2025-07-10 21:34:09,643,38535,0.6603,938.69,N/A,N/A
2025-07-10 21:34:09,644,38535,0.6621,940.12,N/A,N/A
2025-07-10 21:34:09,645,38535,0.6709,935.00,0.4992,1484.09
2025-07-10 21:34:09,646,38535,0.6709,917.11,N/A,N/A
2025-07-10 21:34:10,647,38535,0.6723,938.80,N/A,N/A
2025-07-10 21:34:10,648,38535,0.6810,949.08,N/A,N/A
2025-07-10 21:34:10,649,38535,0.6823,966.91,N/A,N/A
2025-07-10 21:34:11,650,38535,0.6836,982.90,N/A,N/A
2025-07-10 21:34:11,651,38535,0.6838,986.72,N/A,N/A
2025-07-10 21:34:11,652,38535,0.6759,1010.55,N/A,N/A
2025-07-10 21:34:12,653,38535,0.6743,1015.50,N/A,N/A
2025-07-10 21:34:12,654,38535,0.6731,1019.93,N/A,N/A
2025-07-10 21:34:12,655,38535,0.6746,1020.95,N/A,N/A
2025-07-10 21:34:13,656,38535,0.6791,1018.09,N/A,N/A
2025-07-10 21:34:13,657,38535,0.6854,1012.59,N/A,N/A
2025-07-10 21:34:13,658,38535,0.6957,1001.93,N/A,N/A
2025-07-10 21:34:13,659,38535,0.6888,996.93,N/A,N/A
2025-07-10 21:34:13,660,38535,0.6747,1004.24,0.3375,2241.78
2025-07-10 21:34:13,661,38535,0.6747,905.38,N/A,N/A
2025-07-10 21:34:14,662,38535,0.6732,893.90,N/A,N/A
2025-07-10 21:34:14,663,38535,0.6800,906.14,N/A,N/A
2025-07-10 21:34:14,664,38535,0.6790,896.88,N/A,N/A
2025-07-10 21:34:15,665,38535,0.6784,888.40,N/A,N/A
2025-07-10 21:34:15,666,38535,0.6775,881.71,N/A,N/A
2025-07-10 21:34:15,667,38535,0.6826,865.99,N/A,N/A
2025-07-10 21:34:16,668,38535,0.6859,854.61,N/A,N/A
2025-07-10 21:34:16,669,38535,0.6881,846.25,N/A,N/A
2025-07-10 21:34:16,670,38535,0.6864,845.67,N/A,N/A
2025-07-10 21:34:17,671,38535,0.6828,849.01,N/A,N/A
2025-07-10 21:34:17,672,38535,0.6786,853.71,N/A,N/A
2025-07-10 21:34:18,673,38535,0.6884,841.02,N/A,N/A
2025-07-10 21:34:18,674,38535,0.6902,842.78,N/A,N/A
2025-07-10 21:34:18,675,38535,0.6987,837.96,0.0470,1384.82
2025-07-10 21:34:18,676,38535,0.6987,906.52,N/A,N/A
2025-07-10 21:34:19,677,38535,0.6996,927.71,N/A,N/A
2025-07-10 21:34:19,678,38535,0.7027,944.21,N/A,N/A
2025-07-10 21:34:19,679,38535,0.7013,936.26,N/A,N/A
2025-07-10 21:34:20,680,38535,0.7002,929.01,N/A,N/A
2025-07-10 21:34:20,681,38535,0.6989,923.34,N/A,N/A
2025-07-10 21:34:20,682,38535,0.7033,909.74,N/A,N/A
2025-07-10 21:34:21,683,38535,0.7060,899.97,N/A,N/A
2025-07-10 21:34:21,684,38535,0.7077,892.86,N/A,N/A
2025-07-10 21:34:21,685,38535,0.7057,892.54,N/A,N/A
2025-07-10 21:34:21,686,38535,0.7020,895.65,N/A,N/A
2025-07-10 21:34:21,687,38535,0.6979,899.92,N/A,N/A
2025-07-10 21:34:21,688,38535,0.6935,905.03,N/A,N/A
2025-07-10 21:34:22,689,38535,0.6952,906.35,N/A,N/A
2025-07-10 21:34:22,690,38535,0.7032,901.96,0.1677,2039.67
2025-07-10 21:34:22,691,38535,0.7032,805.98,N/A,N/A
2025-07-10 21:34:22,692,38535,0.7014,831.22,N/A,N/A
2025-07-10 21:34:22,693,38535,0.7016,851.72,N/A,N/A
2025-07-10 21:34:23,694,38535,0.7036,867.81,N/A,N/A
2025-07-10 21:34:23,695,38535,0.7053,882.41,N/A,N/A
2025-07-10 21:34:23,696,38535,0.7077,894.27,N/A,N/A
2025-07-10 21:34:24,697,38535,0.7012,916.11,N/A,N/A
2025-07-10 21:34:24,698,38535,0.6971,932.94,N/A,N/A
2025-07-10 21:34:24,699,38535,0.6945,946.08,N/A,N/A
2025-07-10 21:34:24,700,38535,0.6996,947.32,N/A,N/A
2025-07-10 21:34:25,701,38535,0.7117,938.44,N/A,N/A
2025-07-10 21:34:25,702,38535,0.7281,923.09,N/A,N/A
2025-07-10 21:34:25,703,38535,0.7501,899.65,N/A,N/A
2025-07-10 21:34:25,704,38535,0.7513,901.36,N/A,N/A
2025-07-10 21:34:25,705,38535,0.7180,917.89,0.3903,1780.85
2025-07-10 21:34:25,706,38535,0.7180,982.73,N/A,N/A
2025-07-10 21:34:25,707,38535,0.7179,970.28,N/A,N/A
2025-07-10 21:34:25,708,38535,0.7172,960.23,N/A,N/A
2025-07-10 21:34:26,709,38535,0.7181,976.57,N/A,N/A
2025-07-10 21:34:26,710,38535,0.7188,991.51,N/A,N/A
2025-07-10 21:34:26,711,38535,0.7172,986.61,N/A,N/A
2025-07-10 21:34:27,712,38535,0.7208,975.08,N/A,N/A
2025-07-10 21:34:27,713,38535,0.7229,966.70,N/A,N/A
2025-07-10 21:34:28,714,38535,0.7243,960.49,N/A,N/A
2025-07-10 21:34:28,715,38535,0.7276,964.78,N/A,N/A
2025-07-10 21:34:29,716,38535,0.7238,967.34,N/A,N/A
2025-07-10 21:34:30,717,38535,0.7197,970.96,N/A,N/A
2025-07-10 21:34:31,718,38535,0.7152,975.38,N/A,N/A
2025-07-10 21:34:31,719,38535,0.7164,976.93,N/A,N/A
2025-07-10 21:34:31,720,38535,0.7246,972.56,0.0679,2016.00
2025-07-10 21:34:31,721,38535,0.7246,881.71,N/A,N/A
2025-07-10 21:34:31,722,38535,0.7244,901.91,N/A,N/A
2025-07-10 21:34:32,723,38535,0.7258,918.44,N/A,N/A
2025-07-10 21:34:32,724,38535,0.7251,935.80,N/A,N/A
2025-07-10 21:34:32,725,38535,0.7242,951.92,N/A,N/A
2025-07-10 21:34:33,726,38535,0.7253,954.21,N/A,N/A
2025-07-10 21:34:33,727,38535,0.7242,958.18,N/A,N/A
2025-07-10 21:34:33,728,38535,0.7209,972.95,N/A,N/A
2025-07-10 21:34:34,729,38535,0.7188,984.63,N/A,N/A
2025-07-10 21:34:34,730,38535,0.7199,990.91,N/A,N/A
2025-07-10 21:34:34,731,38535,0.7162,993.50,N/A,N/A
2025-07-10 21:34:34,732,38535,0.7124,996.84,N/A,N/A
2025-07-10 21:34:34,733,38535,0.7084,1000.76,N/A,N/A
2025-07-10 21:34:34,734,38535,0.7095,1001.89,N/A,N/A
2025-07-10 21:34:34,735,38535,0.7167,998.23,0.4738,1422.24
2025-07-10 21:34:34,736,38535,0.7167,917.39,N/A,N/A
2025-07-10 21:34:35,737,38535,0.7159,906.85,N/A,N/A
2025-07-10 21:34:35,738,38535,0.7166,922.59,N/A,N/A
2025-07-10 21:34:35,739,38535,0.7165,913.48,N/A,N/A
2025-07-10 21:34:36,740,38535,0.7169,904.78,N/A,N/A
2025-07-10 21:34:36,741,38535,0.7197,914.34,N/A,N/A
2025-07-10 21:34:36,742,38535,0.7216,905.41,N/A,N/A
2025-07-10 21:34:37,743,38535,0.7235,897.64,N/A,N/A
2025-07-10 21:34:37,744,38535,0.7192,912.24,N/A,N/A
2025-07-10 21:34:37,745,38535,0.7192,909.31,N/A,N/A
2025-07-10 21:34:37,746,38535,0.7273,902.89,N/A,N/A
2025-07-10 21:34:38,747,38535,0.7378,892.73,N/A,N/A
2025-07-10 21:34:38,748,38535,0.7514,878.00,N/A,N/A
2025-07-10 21:34:38,749,38535,0.7471,870.54,N/A,N/A
2025-07-10 21:34:38,750,38535,0.7261,881.05,0.0624,2154.09
2025-07-10 21:34:38,751,38535,0.7261,798.49,N/A,N/A
2025-07-10 21:34:38,752,38535,0.7247,787.84,N/A,N/A
2025-07-10 21:34:38,753,38535,0.7248,775.75,N/A,N/A
2025-07-10 21:34:39,754,38535,0.7244,766.05,N/A,N/A
2025-07-10 21:34:39,755,38535,0.7229,784.45,N/A,N/A
2025-07-10 21:34:39,756,38535,0.7217,778.89,N/A,N/A
2025-07-10 21:34:40,757,38535,0.7175,798.01,N/A,N/A
2025-07-10 21:34:40,758,38535,0.7186,790.75,N/A,N/A
2025-07-10 21:34:40,759,38535,0.7123,809.50,N/A,N/A
2025-07-10 21:34:41,760,38535,0.7124,816.87,N/A,N/A
2025-07-10 21:34:41,761,38535,0.7087,820.48,N/A,N/A
2025-07-10 21:34:41,762,38535,0.7048,824.98,N/A,N/A
2025-07-10 21:34:41,763,38535,0.7007,830.18,N/A,N/A
2025-07-10 21:34:41,764,38535,0.6922,819.55,N/A,N/A
2025-07-10 21:34:41,765,38535,0.6996,815.46,0.0047,1987.36
2025-07-10 21:34:41,766,38535,0.6996,736.79,N/A,N/A
2025-07-10 21:34:42,767,38535,0.6973,727.60,N/A,N/A
2025-07-10 21:34:42,768,38535,0.6965,717.00,N/A,N/A
2025-07-10 21:34:42,769,38535,0.6952,708.76,N/A,N/A
2025-07-10 21:34:43,770,38535,0.6963,697.25,N/A,N/A
2025-07-10 21:34:43,771,38535,0.6946,692.56,N/A,N/A
2025-07-10 21:34:43,772,38535,0.6974,680.29,N/A,N/A
2025-07-10 21:34:44,773,38535,0.6982,673.25,N/A,N/A
2025-07-10 21:34:44,774,38535,0.7022,661.24,N/A,N/A
2025-07-10 21:34:44,775,38535,0.7028,656.92,N/A,N/A
2025-07-10 21:34:45,776,38535,0.6990,661.73,N/A,N/A
2025-07-10 21:34:45,777,38535,0.6949,667.56,N/A,N/A
2025-07-10 21:34:45,778,38535,0.6907,674.15,N/A,N/A
2025-07-10 21:34:45,779,38535,0.6923,676.18,N/A,N/A
2025-07-10 21:34:45,780,38535,0.6996,671.92,N/A,N/A
2025-07-10 21:34:45,781,38535,0.6996,594.73,N/A,N/A
2025-07-10 21:34:45,782,38535,0.7019,613.03,N/A,N/A
2025-07-10 21:34:46,783,38535,0.7022,616.71,N/A,N/A
2025-07-10 21:34:46,784,38535,0.7026,620.08,N/A,N/A
2025-07-10 21:34:46,785,38535,0.7023,624.22,N/A,N/A
2025-07-10 21:34:47,786,38535,0.7032,626.68,N/A,N/A
2025-07-10 21:34:47,787,38535,0.6981,648.41,N/A,N/A
2025-07-10 21:34:47,788,38535,0.6964,662.54,N/A,N/A
2025-07-10 21:34:48,789,38535,0.6949,667.25,N/A,N/A
2025-07-10 21:34:48,790,38535,0.6935,676.92,N/A,N/A
2025-07-10 21:34:48,791,38535,0.6981,671.24,N/A,N/A
2025-07-10 21:34:48,792,38535,0.7039,663.02,N/A,N/A
2025-07-10 21:34:49,793,38535,0.6997,669.49,N/A,N/A
2025-07-10 21:34:49,794,38535,0.6941,663.11,N/A,N/A
2025-07-10 21:34:49,795,38535,0.6833,669.21,0.0628,1644.30
2025-07-10 21:34:49,796,38535,0.6833,731.64,N/A,N/A
2025-07-10 21:34:49,797,38535,0.6837,734.65,N/A,N/A
2025-07-10 21:34:49,798,38535,0.6823,725.69,N/A,N/A
2025-07-10 21:34:50,799,38535,0.6828,728.64,N/A,N/A
2025-07-10 21:34:50,800,38535,0.6831,719.08,N/A,N/A
2025-07-10 21:34:51,801,38535,0.6811,715.44,N/A,N/A
2025-07-10 21:34:51,802,38535,0.6840,703.33,N/A,N/A
2025-07-10 21:34:51,803,38535,0.6851,695.95,N/A,N/A
2025-07-10 21:34:51,804,38535,0.6883,685.72,N/A,N/A
2025-07-10 21:34:52,805,38535,0.6893,680.76,N/A,N/A
2025-07-10 21:34:52,806,38535,0.6936,675.55,N/A,N/A
2025-07-10 21:34:52,807,38535,0.6897,681.17,N/A,N/A
2025-07-10 21:34:52,808,38535,0.6853,687.91,N/A,N/A
2025-07-10 21:34:52,809,38535,0.6871,689.74,N/A,N/A
2025-07-10 21:34:53,810,38535,0.6941,685.62,0.1010,2038.73
2025-07-10 21:34:53,811,38535,0.6941,611.92,N/A,N/A
2025-07-10 21:34:53,812,38535,0.6948,631.85,N/A,N/A
2025-07-10 21:34:53,813,38535,0.6965,648.28,N/A,N/A
2025-07-10 21:34:54,814,38535,0.6977,663.64,N/A,N/A
2025-07-10 21:34:54,815,38535,0.6970,680.21,N/A,N/A
2025-07-10 21:34:54,816,38535,0.7008,687.85,N/A,N/A
2025-07-10 21:34:55,817,38535,0.6964,706.93,N/A,N/A
2025-07-10 21:34:55,818,38535,0.6947,719.81,N/A,N/A
2025-07-10 21:34:55,819,38535,0.6899,736.17,N/A,N/A
2025-07-10 21:34:56,820,38535,0.6884,745.32,N/A,N/A
2025-07-10 21:34:56,821,38535,0.6920,741.29,N/A,N/A
2025-07-10 21:34:56,822,38535,0.6883,746.29,N/A,N/A
2025-07-10 21:34:56,823,38535,0.6957,735.53,N/A,N/A
2025-07-10 21:34:56,824,38535,0.6901,730.78,N/A,N/A
2025-07-10 21:34:56,825,38535,0.6632,746.56,0.1022,1770.37
2025-07-10 21:34:56,826,38535,0.6632,679.11,N/A,N/A
2025-07-10 21:34:57,827,38535,0.6617,668.75,N/A,N/A
2025-07-10 21:34:57,828,38535,0.6601,660.34,N/A,N/A
2025-07-10 21:34:57,829,38535,0.6589,652.26,N/A,N/A
2025-07-10 21:34:58,830,38535,0.6591,642.84,N/A,N/A
2025-07-10 21:34:58,831,38535,0.6615,652.55,N/A,N/A
2025-07-10 21:34:58,832,38535,0.6564,673.85,N/A,N/A
2025-07-10 21:34:59,833,38535,0.6549,682.84,N/A,N/A
2025-07-10 21:34:59,834,38535,0.6574,673.80,N/A,N/A
2025-07-10 21:34:59,835,38535,0.6582,669.37,N/A,N/A
2025-07-10 21:34:59,836,38535,0.6550,673.52,N/A,N/A
2025-07-10 21:35:00,837,38535,0.6512,679.53,N/A,N/A
2025-07-10 21:35:00,838,38535,0.6474,685.97,N/A,N/A
2025-07-10 21:35:00,839,38535,0.6493,687.43,N/A,N/A
2025-07-10 21:35:00,840,38535,0.6564,682.60,0.0478,1561.09
2025-07-10 21:35:00,841,38535,0.6564,740.30,N/A,N/A
2025-07-10 21:35:00,842,38535,0.6545,731.66,N/A,N/A
2025-07-10 21:35:01,843,38535,0.6524,724.74,N/A,N/A
2025-07-10 21:35:01,844,38535,0.6509,718.08,N/A,N/A
2025-07-10 21:35:01,845,38535,0.6505,710.24,N/A,N/A
2025-07-10 21:35:02,846,38535,0.6497,704.81,N/A,N/A
2025-07-10 21:35:02,847,38535,0.6532,691.28,N/A,N/A
2025-07-10 21:35:02,848,38535,0.6549,682.82,N/A,N/A
2025-07-10 21:35:03,849,38535,0.6574,673.95,N/A,N/A
2025-07-10 21:35:03,850,38535,0.6582,669.60,N/A,N/A
2025-07-10 21:35:03,851,38535,0.6551,673.69,N/A,N/A
2025-07-10 21:35:03,852,38535,0.6513,679.59,N/A,N/A
2025-07-10 21:35:03,853,38535,0.6475,685.90,N/A,N/A
2025-07-10 21:35:04,854,38535,0.6494,687.34,N/A,N/A
2025-07-10 21:35:04,855,38535,0.6564,682.60,N/A,N/A
2025-07-10 21:35:04,856,38535,0.6564,739.30,N/A,N/A
2025-07-10 21:35:04,857,38535,0.6545,730.81,N/A,N/A
2025-07-10 21:35:04,858,38535,0.6525,724.00,N/A,N/A
2025-07-10 21:35:05,859,38535,0.6510,717.45,N/A,N/A
2025-07-10 21:35:05,860,38535,0.6506,709.74,N/A,N/A
2025-07-10 21:35:05,861,38535,0.6498,704.41,N/A,N/A
2025-07-10 21:35:06,862,38535,0.6533,691.11,N/A,N/A
2025-07-10 21:35:06,863,38535,0.6550,682.81,N/A,N/A
2025-07-10 21:35:06,864,38535,0.6574,674.10,N/A,N/A
2025-07-10 21:35:07,865,38535,0.6582,669.83,N/A,N/A
2025-07-10 21:35:07,866,38535,0.6551,673.84,N/A,N/A
2025-07-10 21:35:07,867,38535,0.6514,679.64,N/A,N/A
2025-07-10 21:35:07,868,38535,0.6477,685.84,N/A,N/A
2025-07-10 21:35:07,869,38535,0.6495,687.25,N/A,N/A
2025-07-10 21:35:07,870,38535,0.6564,682.60,N/A,N/A
2025-07-10 21:35:07,871,38535,0.6564,677.34,N/A,N/A
2025-07-10 21:35:08,872,38535,0.6569,680.25,N/A,N/A
2025-07-10 21:35:08,873,38535,0.6575,682.98,N/A,N/A
2025-07-10 21:35:09,874,38535,0.6581,685.76,N/A,N/A
2025-07-10 21:35:09,875,38535,0.6582,688.92,N/A,N/A
2025-07-10 21:35:09,876,38535,0.6586,691.56,N/A,N/A
2025-07-10 21:35:10,877,38535,0.6575,695.90,N/A,N/A
2025-07-10 21:35:10,878,38535,0.6567,699.61,N/A,N/A
2025-07-10 21:35:10,879,38535,0.6557,703.56,N/A,N/A
2025-07-10 21:35:11,880,38535,0.6545,709.67,N/A,N/A
2025-07-10 21:35:11,881,38535,0.6581,705.17,N/A,N/A
2025-07-10 21:35:11,882,38535,0.6641,696.25,N/A,N/A
2025-07-10 21:35:11,883,38535,0.6713,684.66,N/A,N/A
2025-07-10 21:35:11,884,38535,0.6657,679.74,N/A,N/A
2025-07-10 21:35:11,885,38535,0.6557,686.11,0.0000,1913.54
2025-07-10 21:35:11,886,38535,0.6557,741.90,N/A,N/A
2025-07-10 21:35:11,887,38535,0.6578,756.94,N/A,N/A
2025-07-10 21:35:12,888,38535,0.6596,764.27,N/A,N/A
2025-07-10 21:35:12,889,38535,0.6617,776.30,N/A,N/A
2025-07-10 21:35:12,890,38535,0.6621,789.51,N/A,N/A
2025-07-10 21:35:13,891,38535,0.6636,799.44,N/A,N/A
2025-07-10 21:35:13,892,38535,0.6584,818.11,N/A,N/A
2025-07-10 21:35:13,893,38535,0.6558,831.29,N/A,N/A
2025-07-10 21:35:14,894,38535,0.6520,844.80,N/A,N/A
2025-07-10 21:35:14,895,38535,0.6502,853.59,N/A,N/A
2025-07-10 21:35:14,896,38535,0.6472,856.83,N/A,N/A
2025-07-10 21:35:14,897,38535,0.6438,861.31,N/A,N/A
2025-07-10 21:35:14,898,38535,0.6403,866.07,N/A,N/A
2025-07-10 21:35:14,899,38535,0.6422,866.90,N/A,N/A
2025-07-10 21:35:15,900,38535,0.6484,863.15,0.4992,2626.71
2025-07-10 21:35:15,901,38535,0.6484,801.89,N/A,N/A
2025-07-10 21:35:15,902,38535,0.6506,814.54,N/A,N/A
2025-07-10 21:35:15,903,38535,0.6536,824.62,N/A,N/A
2025-07-10 21:35:16,904,38535,0.6556,835.06,N/A,N/A
2025-07-10 21:35:16,905,38535,0.6559,846.56,N/A,N/A
2025-07-10 21:35:16,906,38535,0.6571,855.63,N/A,N/A
2025-07-10 21:35:17,907,38535,0.6526,871.65,N/A,N/A
2025-07-10 21:35:17,908,38535,0.6501,883.51,N/A,N/A
2025-07-10 21:35:17,909,38535,0.6465,895.74,N/A,N/A
2025-07-10 21:35:18,910,38535,0.6444,904.39,N/A,N/A
2025-07-10 21:35:18,911,38535,0.6415,907.36,N/A,N/A
2025-07-10 21:35:18,912,38535,0.6384,911.23,N/A,N/A
2025-07-10 21:35:18,913,38535,0.6353,915.29,N/A,N/A
2025-07-10 21:35:18,914,38535,0.6370,915.82,N/A,N/A
2025-07-10 21:35:18,915,38535,0.6426,912.63,0.5301,1500.00
2025-07-10 21:35:18,916,38535,0.6426,959.54,N/A,N/A
2025-07-10 21:35:19,917,38535,0.6406,953.39,N/A,N/A
2025-07-10 21:35:19,918,38535,0.6385,948.60,N/A,N/A
2025-07-10 21:35:19,919,38535,0.6371,943.43,N/A,N/A
2025-07-10 21:35:19,920,38535,0.6368,937.43,N/A,N/A
2025-07-10 21:35:20,921,38535,0.6362,932.80,N/A,N/A
2025-07-10 21:35:20,922,38535,0.6390,923.12,N/A,N/A
2025-07-10 21:35:20,923,38535,0.6406,916.40,N/A,N/A
2025-07-10 21:35:21,924,38535,0.6429,909.32,N/A,N/A
2025-07-10 21:35:21,925,38535,0.6443,904.53,N/A,N/A
2025-07-10 21:35:21,926,38535,0.6415,907.45,N/A,N/A
2025-07-10 21:35:21,927,38535,0.6385,911.25,N/A,N/A
2025-07-10 21:35:21,928,38535,0.6354,915.24,N/A,N/A
2025-07-10 21:35:22,929,38535,0.6371,915.77,N/A,N/A
2025-07-10 21:35:22,930,38535,0.6426,912.63,N/A,N/A
2025-07-10 21:35:22,931,38535,0.6426,882.12,N/A,N/A
2025-07-10 21:35:22,932,38535,0.6449,892.75,N/A,N/A
2025-07-10 21:35:22,933,38535,0.6478,901.49,N/A,N/A
2025-07-10 21:35:23,934,38535,0.6496,910.63,N/A,N/A
2025-07-10 21:35:23,935,38535,0.6499,916.55,N/A,N/A
2025-07-10 21:35:23,936,38535,0.6508,924.92,N/A,N/A
2025-07-10 21:35:24,937,38535,0.6485,933.06,N/A,N/A
2025-07-10 21:35:24,938,38535,0.6460,943.95,N/A,N/A
2025-07-10 21:35:24,939,38535,0.6424,955.22,N/A,N/A
2025-07-10 21:35:25,940,38535,0.6410,960.42,N/A,N/A
2025-07-10 21:35:25,941,38535,0.6444,957.12,N/A,N/A
2025-07-10 21:35:25,942,38535,0.6495,951.40,N/A,N/A
2025-07-10 21:35:25,943,38535,0.6596,939.10,N/A,N/A
2025-07-10 21:35:25,944,38535,0.6509,936.50,N/A,N/A
2025-07-10 21:35:25,945,38535,0.6429,940.72,0.3321,2034.08
2025-07-10 21:35:25,946,38535,0.6429,886.38,N/A,N/A
2025-07-10 21:35:26,947,38535,0.6442,892.23,N/A,N/A
2025-07-10 21:35:26,948,38535,0.6459,897.25,N/A,N/A
2025-07-10 21:35:26,949,38535,0.6469,902.59,N/A,N/A
2025-07-10 21:35:27,950,38535,0.6473,908.25,N/A,N/A
2025-07-10 21:35:27,951,38535,0.6477,913.33,N/A,N/A
2025-07-10 21:35:27,952,38535,0.6456,921.23,N/A,N/A
2025-07-10 21:35:28,953,38535,0.6440,927.85,N/A,N/A
2025-07-10 21:35:28,954,38535,0.6418,934.80,N/A,N/A
2025-07-10 21:35:28,955,38535,0.6403,939.98,N/A,N/A
2025-07-10 21:35:28,956,38535,0.6496,930.89,N/A,N/A
2025-07-10 21:35:28,957,38535,0.6465,934.59,N/A,N/A
2025-07-10 21:35:28,958,38535,0.6602,917.69,N/A,N/A
2025-07-10 21:35:29,959,38535,0.6619,918.30,N/A,N/A
2025-07-10 21:35:29,960,38535,0.6668,915.83,0.5282,1298.45
2025-07-10 21:35:29,961,38535,0.6668,863.02,N/A,N/A
2025-07-10 21:35:29,962,38535,0.6650,856.61,N/A,N/A
2025-07-10 21:35:29,963,38535,0.6674,865.51,N/A,N/A
2025-07-10 21:35:30,964,38535,0.6661,860.26,N/A,N/A
2025-07-10 21:35:30,965,38535,0.6663,870.35,N/A,N/A
2025-07-10 21:35:30,966,38535,0.6657,865.77,N/A,N/A
2025-07-10 21:35:31,967,38535,0.6680,856.88,N/A,N/A
2025-07-10 21:35:31,968,38535,0.6696,850.26,N/A,N/A
2025-07-10 21:35:31,969,38535,0.6718,843.26,N/A,N/A
2025-07-10 21:35:32,970,38535,0.6731,838.78,N/A,N/A
2025-07-10 21:35:32,971,38535,0.6704,841.62,N/A,N/A
2025-07-10 21:35:32,972,38535,0.6672,845.81,N/A,N/A
2025-07-10 21:35:32,973,38535,0.6642,849.69,N/A,N/A
2025-07-10 21:35:32,974,38535,0.6659,850.34,N/A,N/A
2025-07-10 21:35:32,975,38535,0.6707,847.90,0.1082,1300.00
2025-07-10 21:35:32,976,38535,0.6707,893.82,N/A,N/A
2025-07-10 21:35:33,977,38535,0.6686,888.09,N/A,N/A
2025-07-10 21:35:33,978,38535,0.6674,881.93,N/A,N/A
2025-07-10 21:35:33,979,38535,0.6660,877.00,N/A,N/A
2025-07-10 21:35:34,980,38535,0.6663,870.00,N/A,N/A
2025-07-10 21:35:34,981,38535,0.6658,865.48,N/A,N/A
2025-07-10 21:35:34,982,38535,0.6681,856.73,N/A,N/A
2025-07-10 21:35:35,983,38535,0.6696,850.22,N/A,N/A
2025-07-10 21:35:35,984,38535,0.6718,843.33,N/A,N/A
2025-07-10 21:35:35,985,38535,0.6731,838.92,N/A,N/A
2025-07-10 21:35:35,986,38535,0.6704,841.71,N/A,N/A
2025-07-10 21:35:35,987,38535,0.6672,845.84,N/A,N/A
2025-07-10 21:35:35,988,38535,0.6643,849.66,N/A,N/A
2025-07-10 21:35:36,989,38535,0.6519,846.25,N/A,N/A
2025-07-10 21:35:36,990,38535,0.6313,857.70,0.8550,1625.58
2025-07-10 21:35:36,991,38535,0.6313,903.11,N/A,N/A
2025-07-10 21:35:36,992,38535,0.6292,897.47,N/A,N/A
2025-07-10 21:35:36,993,38535,0.6278,891.38,N/A,N/A
2025-07-10 21:35:37,994,38535,0.6264,886.57,N/A,N/A
2025-07-10 21:35:37,995,38535,0.6266,879.60,N/A,N/A
2025-07-10 21:35:37,996,38535,0.6259,875.22,N/A,N/A
2025-07-10 21:35:37,997,38535,0.6281,866.44,N/A,N/A
2025-07-10 21:35:38,998,38535,0.6294,859.98,N/A,N/A
2025-07-10 21:35:38,999,38535,0.6315,853.12,N/A,N/A
2025-07-10 21:35:38,1000,38535,0.6326,848.84,N/A,N/A
2025-07-10 21:35:38,1001,38535,0.6299,851.99,N/A,N/A
2025-07-10 21:35:38,1002,38535,0.6267,856.49,N/A,N/A
2025-07-10 21:35:38,1003,38535,0.6238,860.66,N/A,N/A
2025-07-10 21:35:39,1004,38535,0.6258,861.02,N/A,N/A
2025-07-10 21:35:39,1005,38535,0.6313,857.70,N/A,N/A
2025-07-10 21:35:39,1006,38535,0.6313,829.33,N/A,N/A
2025-07-10 21:35:39,1007,38535,0.6329,835.04,N/A,N/A
2025-07-10 21:35:39,1008,38535,0.6339,841.08,N/A,N/A
2025-07-10 21:35:40,1009,38535,0.6352,846.22,N/A,N/A
2025-07-10 21:35:40,1010,38535,0.6350,852.92,N/A,N/A
2025-07-10 21:35:40,1011,38535,0.6357,857.79,N/A,N/A
2025-07-10 21:35:41,1012,38535,0.6338,865.73,N/A,N/A
2025-07-10 21:35:41,1013,38535,0.6324,872.28,N/A,N/A
2025-07-10 21:35:41,1014,38535,0.6304,879.19,N/A,N/A
2025-07-10 21:35:42,1015,38535,0.6292,884.19,N/A,N/A
2025-07-10 21:35:42,1016,38535,0.6378,874.91,N/A,N/A
2025-07-10 21:35:42,1017,38535,0.6478,861.56,N/A,N/A
2025-07-10 21:35:42,1018,38535,0.6612,843.39,N/A,N/A
2025-07-10 21:35:42,1019,38535,0.6487,840.03,N/A,N/A
2025-07-10 21:35:42,1020,38535,0.6537,837.46,0.1126,1912.57
2025-07-10 21:35:42,1021,38535,0.6537,784.11,N/A,N/A
2025-07-10 21:35:42,1022,38535,0.6561,794.49,N/A,N/A
2025-07-10 21:35:43,1023,38535,0.6576,805.22,N/A,N/A
2025-07-10 21:35:43,1024,38535,0.6595,814.11,N/A,N/A
2025-07-10 21:35:43,1025,38535,0.6590,825.61,N/A,N/A
2025-07-10 21:35:43,1026,38535,0.6600,833.66,N/A,N/A
2025-07-10 21:35:44,1027,38535,0.6567,846.95,N/A,N/A
2025-07-10 21:35:44,1028,38535,0.6545,857.52,N/A,N/A
2025-07-10 21:35:44,1029,38535,0.6512,868.52,N/A,N/A
2025-07-10 21:35:45,1030,38535,0.6493,876.23,N/A,N/A
2025-07-10 21:35:45,1031,38535,0.6576,867.70,N/A,N/A
2025-07-10 21:35:45,1032,38535,0.6720,849.10,N/A,N/A
2025-07-10 21:35:45,1033,38535,0.6852,831.82,N/A,N/A
2025-07-10 21:35:45,1034,38535,0.6728,828.84,N/A,N/A
2025-07-10 21:35:45,1035,38535,0.6537,837.46,N/A,N/A
2025-07-10 21:35:45,1036,38535,0.6537,884.28,N/A,N/A
2025-07-10 21:35:45,1037,38535,0.6541,885.75,N/A,N/A
2025-07-10 21:35:46,1038,38535,0.6544,887.35,N/A,N/A
2025-07-10 21:35:46,1039,38535,0.6548,888.92,N/A,N/A
2025-07-10 21:35:46,1040,38535,0.6547,890.83,N/A,N/A
2025-07-10 21:35:47,1041,38535,0.6549,892.49,N/A,N/A
2025-07-10 21:35:47,1042,38535,0.6543,894.78,N/A,N/A
2025-07-10 21:35:47,1043,38535,0.6538,897.00,N/A,N/A
2025-07-10 21:35:48,1044,38535,0.6531,899.39,N/A,N/A
2025-07-10 21:35:48,1045,38535,0.6526,901.38,N/A,N/A
2025-07-10 21:35:48,1046,38535,0.6497,904.31,N/A,N/A
2025-07-10 21:35:48,1047,38535,0.6551,897.52,N/A,N/A
2025-07-10 21:35:48,1048,38535,0.6598,891.55,N/A,N/A
2025-07-10 21:35:48,1049,38535,0.6546,890.89,N/A,N/A
2025-07-10 21:35:48,1050,38535,0.6596,888.59,0.2256,2797.00
2025-07-10 21:35:48,1051,38535,0.6596,835.74,N/A,N/A
2025-07-10 21:35:49,1052,38535,0.6576,829.61,N/A,N/A
2025-07-10 21:35:49,1053,38535,0.6563,823.00,N/A,N/A
2025-07-10 21:35:49,1054,38535,0.6549,817.75,N/A,N/A
2025-07-10 21:35:49,1055,38535,0.6552,810.19,N/A,N/A
2025-07-10 21:35:50,1056,38535,0.6555,819.57,N/A,N/A
2025-07-10 21:35:50,1057,38535,0.6578,810.41,N/A,N/A
2025-07-10 21:35:50,1058,38535,0.6593,803.65,N/A,N/A
2025-07-10 21:35:51,1059,38535,0.6614,796.46,N/A,N/A
2025-07-10 21:35:51,1060,38535,0.6584,806.49,N/A,N/A
2025-07-10 21:35:51,1061,38535,0.6617,802.68,N/A,N/A
2025-07-10 21:35:51,1062,38535,0.6579,807.90,N/A,N/A
2025-07-10 21:35:51,1063,38535,0.6546,812.61,N/A,N/A
2025-07-10 21:35:51,1064,38535,0.6492,812.10,N/A,N/A
2025-07-10 21:35:51,1065,38535,0.6423,815.43,0.1141,2438.77
2025-07-10 21:35:51,1066,38535,0.6423,763.39,N/A,N/A
2025-07-10 21:35:52,1067,38535,0.6450,773.21,N/A,N/A
2025-07-10 21:35:52,1068,38535,0.6468,783.42,N/A,N/A
2025-07-10 21:35:52,1069,38535,0.6490,791.77,N/A,N/A
2025-07-10 21:35:53,1070,38535,0.6488,802.81,N/A,N/A
2025-07-10 21:35:53,1071,38535,0.6486,812.62,N/A,N/A
2025-07-10 21:35:53,1072,38535,0.6501,804.93,N/A,N/A
2025-07-10 21:35:54,1073,38535,0.6497,807.06,N/A,N/A
2025-07-10 21:35:54,1074,38535,0.6512,801.24,N/A,N/A
2025-07-10 21:35:54,1075,38535,0.6478,811.67,N/A,N/A
2025-07-10 21:35:54,1076,38535,0.6449,815.15,N/A,N/A
2025-07-10 21:35:54,1077,38535,0.6502,807.57,N/A,N/A
2025-07-10 21:35:54,1078,38535,0.6469,812.33,N/A,N/A
2025-07-10 21:35:54,1079,38535,0.6496,812.50,N/A,N/A
2025-07-10 21:35:55,1080,38535,0.6544,810.15,0.4048,1390.15
2025-07-10 21:35:55,1081,38535,0.6544,784.51,N/A,N/A
2025-07-10 21:35:55,1082,38535,0.6558,789.95,N/A,N/A
2025-07-10 21:35:55,1083,38535,0.6567,795.71,N/A,N/A
2025-07-10 21:35:56,1084,38535,0.6577,800.70,N/A,N/A
2025-07-10 21:35:56,1085,38535,0.6574,807.11,N/A,N/A
2025-07-10 21:35:56,1086,38535,0.6570,813.06,N/A,N/A
2025-07-10 21:35:57,1087,38535,0.6580,806.55,N/A,N/A
2025-07-10 21:35:57,1088,38535,0.6576,808.56,N/A,N/A
2025-07-10 21:35:57,1089,38535,0.6572,810.61,N/A,N/A
2025-07-10 21:35:58,1090,38535,0.6590,805.08,N/A,N/A
2025-07-10 21:35:58,1091,38535,0.6649,798.18,N/A,N/A
2025-07-10 21:35:58,1092,38535,0.6742,785.40,N/A,N/A
2025-07-10 21:35:58,1093,38535,0.6832,772.60,N/A,N/A
2025-07-10 21:35:58,1094,38535,0.6783,771.71,N/A,N/A
2025-07-10 21:35:58,1095,38535,0.6828,769.92,0.1970,1668.83
2025-07-10 21:35:58,1096,38535,0.6828,816.46,N/A,N/A
2025-07-10 21:35:58,1097,38535,0.6811,809.93,N/A,N/A
2025-07-10 21:35:59,1098,38535,0.6801,802.91,N/A,N/A
2025-07-10 21:35:59,1099,38535,0.6791,797.17,N/A,N/A
2025-07-10 21:35:59,1100,38535,0.6797,789.19,N/A,N/A
2025-07-10 21:36:00,1101,38535,0.6804,782.10,N/A,N/A
2025-07-10 21:36:00,1102,38535,0.6813,775.45,N/A,N/A
2025-07-10 21:36:00,1103,38535,0.6825,769.25,N/A,N/A
2025-07-10 21:36:00,1104,38535,0.6839,763.50,N/A,N/A
2025-07-10 21:36:01,1105,38535,0.6858,757.79,N/A,N/A
2025-07-10 21:36:01,1106,38535,0.6827,761.40,N/A,N/A
2025-07-10 21:36:01,1107,38535,0.6791,766.51,N/A,N/A
2025-07-10 21:36:01,1108,38535,0.6757,771.36,N/A,N/A
2025-07-10 21:36:01,1109,38535,0.6783,771.69,N/A,N/A
2025-07-10 21:36:01,1110,38535,0.6828,769.92,N/A,N/A
2025-07-10 21:36:01,1111,38535,0.6828,815.84,N/A,N/A
2025-07-10 21:36:01,1112,38535,0.6811,809.39,N/A,N/A
2025-07-10 21:36:01,1113,38535,0.6802,802.46,N/A,N/A
2025-07-10 21:36:02,1114,38535,0.6791,796.80,N/A,N/A
2025-07-10 21:36:02,1115,38535,0.6798,788.92,N/A,N/A
2025-07-10 21:36:02,1116,38535,0.6804,781.92,N/A,N/A
2025-07-10 21:36:03,1117,38535,0.6814,775.36,N/A,N/A
2025-07-10 21:36:03,1118,38535,0.6825,769.25,N/A,N/A
2025-07-10 21:36:03,1119,38535,0.6839,763.59,N/A,N/A
2025-07-10 21:36:04,1120,38535,0.6858,757.96,N/A,N/A
2025-07-10 21:36:04,1121,38535,0.6827,761.52,N/A,N/A
2025-07-10 21:36:04,1122,38535,0.6791,766.56,N/A,N/A
2025-07-10 21:36:04,1123,38535,0.6758,771.34,N/A,N/A
2025-07-10 21:36:04,1124,38535,0.6784,771.66,N/A,N/A
2025-07-10 21:36:04,1125,38535,0.6828,769.92,N/A,N/A
2025-07-10 21:36:04,1126,38535,0.6828,815.23,N/A,N/A
2025-07-10 21:36:04,1127,38535,0.6811,808.87,N/A,N/A
2025-07-10 21:36:05,1128,38535,0.6802,802.02,N/A,N/A
2025-07-10 21:36:05,1129,38535,0.6792,796.44,N/A,N/A
2025-07-10 21:36:05,1130,38535,0.6798,788.66,N/A,N/A
2025-07-10 21:36:06,1131,38535,0.6805,781.76,N/A,N/A
2025-07-10 21:36:06,1132,38535,0.6814,775.28,N/A,N/A
2025-07-10 21:36:06,1133,38535,0.6825,769.25,N/A,N/A
2025-07-10 21:36:07,1134,38535,0.6839,763.67,N/A,N/A
2025-07-10 21:36:07,1135,38535,0.6857,758.12,N/A,N/A
2025-07-10 21:36:07,1136,38535,0.6827,761.63,N/A,N/A
2025-07-10 21:36:07,1137,38535,0.6792,766.60,N/A,N/A
2025-07-10 21:36:07,1138,38535,0.6759,771.32,N/A,N/A
2025-07-10 21:36:07,1139,38535,0.6784,771.64,N/A,N/A
2025-07-10 21:36:07,1140,38535,0.6828,769.92,N/A,N/A
2025-07-10 21:36:07,1141,38535,0.6828,742.33,N/A,N/A
2025-07-10 21:36:07,1142,38535,0.6840,748.50,N/A,N/A
2025-07-10 21:36:08,1143,38535,0.6846,754.99,N/A,N/A
2025-07-10 21:36:08,1144,38535,0.6855,760.63,N/A,N/A
2025-07-10 21:36:08,1145,38535,0.6849,767.76,N/A,N/A
2025-07-10 21:36:09,1146,38535,0.6843,774.36,N/A,N/A
2025-07-10 21:36:09,1147,38535,0.6834,780.71,N/A,N/A
2025-07-10 21:36:09,1148,38535,0.6823,786.80,N/A,N/A
2025-07-10 21:36:10,1149,38535,0.6809,792.64,N/A,N/A
2025-07-10 21:36:10,1150,38535,0.6791,798.53,N/A,N/A
2025-07-10 21:36:10,1151,38535,0.6850,791.98,N/A,N/A
2025-07-10 21:36:10,1152,38535,0.6941,779.75,N/A,N/A
2025-07-10 21:36:10,1153,38535,0.7031,767.52,N/A,N/A
2025-07-10 21:36:10,1154,38535,0.6944,765.96,N/A,N/A
2025-07-10 21:36:10,1155,38535,0.6828,769.92,N/A,N/A
2025-07-10 21:36:10,1156,38535,0.6828,766.79,N/A,N/A
2025-07-10 21:36:10,1157,38535,0.6832,768.44,N/A,N/A
2025-07-10 21:36:11,1158,38535,0.6834,770.24,N/A,N/A
2025-07-10 21:36:11,1159,38535,0.6836,771.99,N/A,N/A
2025-07-10 21:36:11,1160,38535,0.6835,774.11,N/A,N/A
2025-07-10 21:36:12,1161,38535,0.6833,776.25,N/A,N/A
2025-07-10 21:36:12,1162,38535,0.6830,778.44,N/A,N/A
2025-07-10 21:36:12,1163,38535,0.6826,780.65,N/A,N/A
2025-07-10 21:36:13,1164,38535,0.6820,782.88,N/A,N/A
2025-07-10 21:36:13,1165,38535,0.6813,785.20,N/A,N/A
2025-07-10 21:36:13,1166,38535,0.6871,778.63,N/A,N/A
2025-07-10 21:36:13,1167,38535,0.6964,766.17,N/A,N/A
2025-07-10 21:36:13,1168,38535,0.7013,759.37,N/A,N/A
2025-07-10 21:36:13,1169,38535,0.6964,758.37,N/A,N/A
2025-07-10 21:36:13,1170,38535,0.6847,762.56,0.1820,1743.18
2025-07-10 21:36:13,1171,38535,0.6847,759.43,N/A,N/A
2025-07-10 21:36:14,1172,38535,0.6850,761.09,N/A,N/A
2025-07-10 21:36:14,1173,38535,0.6852,762.90,N/A,N/A
2025-07-10 21:36:14,1174,38535,0.6855,764.65,N/A,N/A
2025-07-10 21:36:15,1175,38535,0.6853,766.78,N/A,N/A
2025-07-10 21:36:15,1176,38535,0.6851,768.92,N/A,N/A
2025-07-10 21:36:15,1177,38535,0.6858,762.88,N/A,N/A
2025-07-10 21:36:16,1178,38535,0.6854,765.14,N/A,N/A
2025-07-10 21:36:16,1179,38535,0.6848,767.39,N/A,N/A
2025-07-10 21:36:16,1180,38535,0.6841,769.74,N/A,N/A
2025-07-10 21:36:16,1181,38535,0.6811,773.23,N/A,N/A
2025-07-10 21:36:16,1182,38535,0.6938,755.93,N/A,N/A
2025-07-10 21:36:16,1183,38535,0.7069,737.47,N/A,N/A
2025-07-10 21:36:16,1184,38535,0.7023,736.10,N/A,N/A
2025-07-10 21:36:16,1185,38535,0.6846,742.87,0.1256,1880.13
2025-07-10 21:36:16,1186,38535,0.6846,689.97,N/A,N/A
2025-07-10 21:36:17,1187,38535,0.6864,701.56,N/A,N/A
2025-07-10 21:36:17,1188,38535,0.6872,713.49,N/A,N/A
2025-07-10 21:36:17,1189,38535,0.6885,723.48,N/A,N/A
2025-07-10 21:36:18,1190,38535,0.6873,736.12,N/A,N/A
2025-07-10 21:36:18,1191,38535,0.6862,747.46,N/A,N/A
2025-07-10 21:36:18,1192,38535,0.6855,756.99,N/A,N/A
2025-07-10 21:36:19,1193,38535,0.6837,766.99,N/A,N/A
2025-07-10 21:36:19,1194,38535,0.6816,776.35,N/A,N/A
2025-07-10 21:36:19,1195,38535,0.6788,785.66,N/A,N/A
2025-07-10 21:36:19,1196,38535,0.6883,774.42,N/A,N/A
2025-07-10 21:36:19,1197,38535,0.7007,757.88,N/A,N/A
2025-07-10 21:36:19,1198,38535,0.7135,740.27,N/A,N/A
2025-07-10 21:36:19,1199,38535,0.7158,741.43,N/A,N/A
2025-07-10 21:36:19,1200,38535,0.6982,748.55,0.3903,1780.85
2025-07-10 21:36:19,1201,38535,0.6982,746.09,N/A,N/A
2025-07-10 21:36:20,1202,38535,0.6985,747.64,N/A,N/A
2025-07-10 21:36:20,1203,38535,0.6987,749.33,N/A,N/A
2025-07-10 21:36:20,1204,38535,0.6989,750.99,N/A,N/A
2025-07-10 21:36:21,1205,38535,0.6987,752.97,N/A,N/A
2025-07-10 21:36:21,1206,38535,0.6985,754.99,N/A,N/A
2025-07-10 21:36:21,1207,38535,0.6983,756.92,N/A,N/A
2025-07-10 21:36:22,1208,38535,0.6980,759.02,N/A,N/A
2025-07-10 21:36:22,1209,38535,0.6974,761.13,N/A,N/A
2025-07-10 21:36:23,1210,38535,0.6967,763.34,N/A,N/A
2025-07-10 21:36:23,1211,38535,0.6999,759.66,N/A,N/A
2025-07-10 21:36:23,1212,38535,0.7080,748.92,N/A,N/A
2025-07-10 21:36:23,1213,38535,0.7201,732.50,N/A,N/A
2025-07-10 21:36:23,1214,38535,0.7100,725.94,N/A,N/A
2025-07-10 21:36:23,1215,38535,0.6918,733.81,0.6851,1530.62
2025-07-10 21:36:23,1216,38535,0.6918,706.12,N/A,N/A
2025-07-10 21:36:23,1217,38535,0.6929,712.57,N/A,N/A
2025-07-10 21:36:23,1218,38535,0.6934,719.31,N/A,N/A
2025-07-10 21:36:24,1219,38535,0.6942,725.10,N/A,N/A
2025-07-10 21:36:24,1220,38535,0.6935,732.46,N/A,N/A
2025-07-10 21:36:24,1221,38535,0.6928,739.22,N/A,N/A
2025-07-10 21:36:25,1222,38535,0.6924,745.01,N/A,N/A
2025-07-10 21:36:25,1223,38535,0.6913,751.16,N/A,N/A
2025-07-10 21:36:25,1224,38535,0.6900,756.98,N/A,N/A
2025-07-10 21:36:26,1225,38535,0.6882,762.83,N/A,N/A
2025-07-10 21:36:26,1226,38535,0.6845,767.35,N/A,N/A
2025-07-10 21:36:26,1227,38535,0.6924,756.69,N/A,N/A
2025-07-10 21:36:27,1228,38535,0.6964,751.23,N/A,N/A
2025-07-10 21:36:27,1229,38535,0.6890,747.71,N/A,N/A
2025-07-10 21:36:27,1230,38535,0.6829,750.58,0.0526,1835.78
2025-07-10 21:36:27,1231,38535,0.6829,748.48,N/A,N/A
2025-07-10 21:36:27,1232,38535,0.6832,749.94,N/A,N/A
2025-07-10 21:36:28,1233,38535,0.6833,751.55,N/A,N/A
2025-07-10 21:36:29,1234,38535,0.6835,753.13,N/A,N/A
2025-07-10 21:36:29,1235,38535,0.6828,760.33,N/A,N/A
2025-07-10 21:36:30,1236,38535,0.6826,762.23,N/A,N/A
2025-07-10 21:36:30,1237,38535,0.6825,764.05,N/A,N/A
2025-07-10 21:36:30,1238,38535,0.6813,770.27,N/A,N/A
2025-07-10 21:36:31,1239,38535,0.6808,772.25,N/A,N/A
2025-07-10 21:36:31,1240,38535,0.6802,774.32,N/A,N/A
2025-07-10 21:36:31,1241,38535,0.6763,779.24,N/A,N/A
2025-07-10 21:36:31,1242,38535,0.6725,784.35,N/A,N/A
2025-07-10 21:36:31,1243,38535,0.6831,769.84,N/A,N/A
2025-07-10 21:36:31,1244,38535,0.6717,766.48,N/A,N/A
2025-07-10 21:36:31,1245,38535,0.6535,775.74,0.2258,1828.00
2025-07-10 21:36:31,1246,38535,0.6535,822.23,N/A,N/A
2025-07-10 21:36:32,1247,38535,0.6516,815.59,N/A,N/A
2025-07-10 21:36:32,1248,38535,0.6506,808.42,N/A,N/A
2025-07-10 21:36:32,1249,38535,0.6494,802.58,N/A,N/A
2025-07-10 21:36:33,1250,38535,0.6502,793.87,N/A,N/A
2025-07-10 21:36:33,1251,38535,0.6508,786.56,N/A,N/A
2025-07-10 21:36:33,1252,38535,0.6512,780.62,N/A,N/A
2025-07-10 21:36:34,1253,38535,0.6526,773.77,N/A,N/A
2025-07-10 21:36:34,1254,38535,0.6539,767.84,N/A,N/A
2025-07-10 21:36:34,1255,38535,0.6558,761.93,N/A,N/A
2025-07-10 21:36:34,1256,38535,0.6638,751.08,N/A,N/A
2025-07-10 21:36:34,1257,38535,0.6682,744.66,N/A,N/A
2025-07-10 21:36:34,1258,38535,0.6753,734.33,N/A,N/A
2025-07-10 21:36:34,1259,38535,0.6782,735.60,N/A,N/A
2025-07-10 21:36:34,1260,38535,0.6846,732.37,0.0036,1889.18
2025-07-10 21:36:34,1261,38535,0.6846,704.12,N/A,N/A
2025-07-10 21:36:35,1262,38535,0.6857,710.62,N/A,N/A
2025-07-10 21:36:35,1263,38535,0.6863,717.43,N/A,N/A
2025-07-10 21:36:35,1264,38535,0.6871,723.22,N/A,N/A
2025-07-10 21:36:36,1265,38535,0.6863,730.95,N/A,N/A
2025-07-10 21:36:36,1266,38535,0.6856,737.72,N/A,N/A
2025-07-10 21:36:36,1267,38535,0.6849,747.60,N/A,N/A
2025-07-10 21:36:37,1268,38535,0.6836,753.98,N/A,N/A
2025-07-10 21:36:37,1269,38535,0.6814,763.67,N/A,N/A
2025-07-10 21:36:37,1270,38535,0.6785,773.24,N/A,N/A
2025-07-10 21:36:37,1271,38535,0.6823,768.46,N/A,N/A
2025-07-10 21:36:37,1272,38535,0.6866,762.61,N/A,N/A
2025-07-10 21:36:37,1273,38535,0.6829,767.57,N/A,N/A
2025-07-10 21:36:37,1274,38535,0.6856,768.78,N/A,N/A
2025-07-10 21:36:37,1275,38535,0.6735,774.93,0.2181,1809.56
2025-07-10 21:36:37,1276,38535,0.6735,821.44,N/A,N/A
2025-07-10 21:36:38,1277,38535,0.6738,822.79,N/A,N/A
2025-07-10 21:36:38,1278,38535,0.6740,824.27,N/A,N/A
2025-07-10 21:36:38,1279,38535,0.6727,818.82,N/A,N/A
2025-07-10 21:36:38,1280,38535,0.6725,820.63,N/A,N/A
2025-07-10 21:36:39,1281,38535,0.6723,822.43,N/A,N/A
2025-07-10 21:36:39,1282,38535,0.6721,824.22,N/A,N/A
2025-07-10 21:36:39,1283,38535,0.6717,826.16,N/A,N/A
2025-07-10 21:36:39,1284,38535,0.6712,828.12,N/A,N/A
2025-07-10 21:36:40,1285,38535,0.6706,830.17,N/A,N/A
2025-07-10 21:36:40,1286,38535,0.6741,825.94,N/A,N/A
2025-07-10 21:36:40,1287,38535,0.6781,820.74,N/A,N/A
2025-07-10 21:36:40,1288,38535,0.6816,816.26,N/A,N/A
2025-07-10 21:36:40,1289,38535,0.6840,817.65,N/A,N/A
2025-07-10 21:36:40,1290,38535,0.6780,820.79,0.0872,2462.50
2025-07-10 21:36:40,1291,38535,0.6780,866.62,N/A,N/A
2025-07-10 21:36:40,1292,38535,0.6762,860.20,N/A,N/A
2025-07-10 21:36:40,1293,38535,0.6751,853.28,N/A,N/A
2025-07-10 21:36:41,1294,38535,0.6735,848.44,N/A,N/A
2025-07-10 21:36:41,1295,38535,0.6744,840.12,N/A,N/A
2025-07-10 21:36:41,1296,38535,0.6750,833.10,N/A,N/A
2025-07-10 21:36:42,1297,38535,0.6756,826.92,N/A,N/A
2025-07-10 21:36:42,1298,38535,0.6771,820.32,N/A,N/A
2025-07-10 21:36:42,1299,38535,0.6787,814.15,N/A,N/A
2025-07-10 21:36:43,1300,38535,0.6779,816.44,N/A,N/A
2025-07-10 21:36:43,1301,38535,0.6738,821.34,N/A,N/A
2025-07-10 21:36:43,1302,38535,0.6777,816.30,N/A,N/A
2025-07-10 21:36:43,1303,38535,0.6741,821.10,N/A,N/A
2025-07-10 21:36:43,1304,38535,0.6764,822.63,N/A,N/A
2025-07-10 21:36:43,1305,38535,0.6829,819.17,0.0005,1905.75
2025-07-10 21:36:43,1306,38535,0.6829,815.78,N/A,N/A
2025-07-10 21:36:43,1307,38535,0.6810,809.27,N/A,N/A
2025-07-10 21:36:43,1308,38535,0.6800,802.25,N/A,N/A
2025-07-10 21:36:44,1309,38535,0.6804,803.70,N/A,N/A
2025-07-10 21:36:44,1310,38535,0.6802,805.64,N/A,N/A
2025-07-10 21:36:44,1311,38535,0.6807,798.83,N/A,N/A
2025-07-10 21:36:45,1312,38535,0.6805,800.77,N/A,N/A
2025-07-10 21:36:45,1313,38535,0.6800,802.86,N/A,N/A
2025-07-10 21:36:45,1314,38535,0.6814,797.14,N/A,N/A
2025-07-10 21:36:45,1315,38535,0.6805,799.53,N/A,N/A
2025-07-10 21:36:45,1316,38535,0.6841,795.12,N/A,N/A
2025-07-10 21:36:46,1317,38535,0.6801,800.32,N/A,N/A
2025-07-10 21:36:46,1318,38535,0.6836,795.81,N/A,N/A
2025-07-10 21:36:46,1319,38535,0.6857,797.55,N/A,N/A
2025-07-10 21:36:46,1320,38535,0.6920,794.36,0.0782,1700.00
2025-07-10 21:36:46,1321,38535,0.6920,791.02,N/A,N/A
2025-07-10 21:36:46,1322,38535,0.6924,792.44,N/A,N/A
2025-07-10 21:36:46,1323,38535,0.6927,793.99,N/A,N/A
2025-07-10 21:36:47,1324,38535,0.6930,795.46,N/A,N/A
2025-07-10 21:36:47,1325,38535,0.6928,797.39,N/A,N/A
2025-07-10 21:36:47,1326,38535,0.6927,799.21,N/A,N/A
2025-07-10 21:36:48,1327,38535,0.6925,801.12,N/A,N/A
2025-07-10 21:36:48,1328,38535,0.6920,803.18,N/A,N/A
2025-07-10 21:36:48,1329,38535,0.6916,805.10,N/A,N/A
2025-07-10 21:36:49,1330,38535,0.6907,807.42,N/A,N/A
2025-07-10 21:36:49,1331,38535,0.6868,812.04,N/A,N/A
2025-07-10 21:36:49,1332,38535,0.6979,798.16,N/A,N/A
2025-07-10 21:36:49,1333,38535,0.6942,802.82,N/A,N/A
2025-07-10 21:36:49,1334,38535,0.6908,800.19,N/A,N/A
2025-07-10 21:36:49,1335,38535,0.6968,797.43,0.1092,1842.88
2025-07-10 21:36:49,1336,38535,0.6968,842.78,N/A,N/A
2025-07-10 21:36:49,1337,38535,0.6947,836.89,N/A,N/A
2025-07-10 21:36:49,1338,38535,0.6935,830.54,N/A,N/A
2025-07-10 21:36:50,1339,38535,0.6921,825.39,N/A,N/A
2025-07-10 21:36:50,1340,38535,0.6932,816.80,N/A,N/A
2025-07-10 21:36:50,1341,38535,0.6935,810.34,N/A,N/A
2025-07-10 21:36:51,1342,38535,0.6944,803.86,N/A,N/A
2025-07-10 21:36:51,1343,38535,0.6961,796.95,N/A,N/A
2025-07-10 21:36:51,1344,38535,0.6974,791.31,N/A,N/A
2025-07-10 21:36:52,1345,38535,0.7003,784.00,N/A,N/A
2025-07-10 21:36:52,1346,38535,0.6961,789.08,N/A,N/A
2025-07-10 21:36:52,1347,38535,0.6994,784.95,N/A,N/A
2025-07-10 21:36:52,1348,38535,0.7029,780.37,N/A,N/A
2025-07-10 21:36:52,1349,38535,0.7051,782.24,N/A,N/A
2025-07-10 21:36:52,1350,38535,0.6991,785.02,0.2021,1734.09
2025-07-10 21:36:52,1351,38535,0.6991,830.80,N/A,N/A
2025-07-10 21:36:52,1352,38535,0.6970,824.80,N/A,N/A
2025-07-10 21:36:52,1353,38535,0.6958,818.34,N/A,N/A
2025-07-10 21:36:53,1354,38535,0.6961,819.92,N/A,N/A
2025-07-10 21:36:53,1355,38535,0.6958,821.98,N/A,N/A
2025-07-10 21:36:53,1356,38535,0.6961,815.74,N/A,N/A
2025-07-10 21:36:54,1357,38535,0.6968,809.50,N/A,N/A
2025-07-10 21:36:54,1358,38535,0.6983,802.84,N/A,N/A
2025-07-10 21:36:54,1359,38535,0.6996,797.45,N/A,N/A
2025-07-10 21:36:55,1360,38535,0.7023,790.40,N/A,N/A
2025-07-10 21:36:55,1361,38535,0.7141,776.30,N/A,N/A
2025-07-10 21:36:55,1362,38535,0.7175,772.19,N/A,N/A
2025-07-10 21:36:55,1363,38535,0.7211,767.61,N/A,N/A
2025-07-10 21:36:55,1364,38535,0.7181,764.00,N/A,N/A
2025-07-10 21:36:55,1365,38535,0.7056,769.82,0.2474,1564.48
2025-07-10 21:36:55,1366,38535,0.7056,765.27,N/A,N/A
2025-07-10 21:36:55,1367,38535,0.7061,766.90,N/A,N/A
2025-07-10 21:36:55,1368,38535,0.7047,760.33,N/A,N/A
2025-07-10 21:36:55,1369,38535,0.7049,762.15,N/A,N/A
2025-07-10 21:36:55,1370,38535,0.7045,764.48,N/A,N/A
2025-07-10 21:36:55,1371,38535,0.7046,758.25,N/A,N/A
2025-07-10 21:36:55,1372,38535,0.7044,760.40,N/A,N/A
2025-07-10 21:36:55,1373,38535,0.7056,753.89,N/A,N/A
2025-07-10 21:36:55,1374,38535,0.7066,748.76,N/A,N/A
2025-07-10 21:36:56,1375,38535,0.7090,741.89,N/A,N/A
2025-07-10 21:36:56,1376,38535,0.7047,747.28,N/A,N/A
2025-07-10 21:36:56,1377,38535,0.7008,752.25,N/A,N/A
2025-07-10 21:36:56,1378,38535,0.6970,757.36,N/A,N/A
2025-07-10 21:36:56,1379,38535,0.6991,759.55,N/A,N/A
2025-07-10 21:36:56,1380,38535,0.7057,756.17,0.2190,1350.00
2025-07-10 21:36:56,1381,38535,0.7057,751.76,N/A,N/A
2025-07-10 21:36:56,1382,38535,0.7061,753.44,N/A,N/A
2025-07-10 21:36:56,1383,38535,0.7045,747.46,N/A,N/A
2025-07-10 21:36:56,1384,38535,0.7047,749.35,N/A,N/A
2025-07-10 21:36:56,1385,38535,0.7064,739.19,N/A,N/A
2025-07-10 21:36:56,1386,38535,0.7063,733.30,N/A,N/A
2025-07-10 21:36:56,1387,38535,0.7072,726.51,N/A,N/A
2025-07-10 21:36:56,1388,38535,0.7083,720.20,N/A,N/A
2025-07-10 21:36:56,1389,38535,0.7079,722.34,N/A,N/A
2025-07-10 21:36:56,1390,38535,0.7069,724.99,N/A,N/A
2025-07-10 21:36:56,1391,38535,0.7027,730.39,N/A,N/A
2025-07-10 21:36:56,1392,38535,0.6989,735.38,N/A,N/A
2025-07-10 21:36:56,1393,38535,0.6952,740.50,N/A,N/A
2025-07-10 21:36:56,1394,38535,0.6973,742.63,N/A,N/A
2025-07-10 21:36:56,1395,38535,0.7037,739.34,0.1040,1525.00
2025-07-10 21:36:56,1396,38535,0.7037,784.90,N/A,N/A
2025-07-10 21:36:56,1397,38535,0.7040,786.61,N/A,N/A
2025-07-10 21:36:57,1398,38535,0.7022,781.24,N/A,N/A
2025-07-10 21:36:57,1399,38535,0.7016,774.54,N/A,N/A
2025-07-10 21:36:57,1400,38535,0.7031,765.06,N/A,N/A
2025-07-10 21:36:57,1401,38535,0.7029,759.61,N/A,N/A
2025-07-10 21:36:57,1402,38535,0.7026,761.85,N/A,N/A
2025-07-10 21:36:57,1403,38535,0.7021,764.08,N/A,N/A
2025-07-10 21:36:58,1404,38535,0.7032,758.88,N/A,N/A
2025-07-10 21:36:58,1405,38535,0.7022,761.59,N/A,N/A
2025-07-10 21:36:58,1406,38535,0.6981,766.67,N/A,N/A
2025-07-10 21:36:58,1407,38535,0.7014,762.53,N/A,N/A
2025-07-10 21:36:58,1408,38535,0.6977,767.51,N/A,N/A
2025-07-10 21:36:58,1409,38535,0.6997,769.58,N/A,N/A
2025-07-10 21:36:58,1410,38535,0.6935,772.82,0.0082,1853.13
2025-07-10 21:36:58,1411,38535,0.6935,817.44,N/A,N/A
2025-07-10 21:36:58,1412,38535,0.6921,810.39,N/A,N/A
2025-07-10 21:36:58,1413,38535,0.6901,805.43,N/A,N/A
2025-07-10 21:36:58,1414,38535,0.6894,799.19,N/A,N/A
2025-07-10 21:36:58,1415,38535,0.6906,790.25,N/A,N/A
2025-07-10 21:36:58,1416,38535,0.6902,785.21,N/A,N/A
2025-07-10 21:36:58,1417,38535,0.6912,778.48,N/A,N/A
2025-07-10 21:36:58,1418,38535,0.6924,772.19,N/A,N/A
2025-07-10 21:36:58,1419,38535,0.6934,767.17,N/A,N/A
2025-07-10 21:36:58,1420,38535,0.6963,759.62,N/A,N/A
2025-07-10 21:36:58,1421,38535,0.7002,754.85,N/A,N/A
2025-07-10 21:36:58,1422,38535,0.7033,750.90,N/A,N/A
2025-07-10 21:36:58,1423,38535,0.7071,745.86,N/A,N/A
2025-07-10 21:36:58,1424,38535,0.7088,748.43,N/A,N/A
2025-07-10 21:36:58,1425,38535,0.7154,745.08,0.0038,1888.09
2025-07-10 21:36:58,1426,38535,0.7154,790.74,N/A,N/A
2025-07-10 21:36:58,1427,38535,0.7166,802.69,N/A,N/A
2025-07-10 21:36:59,1428,38535,0.7146,797.82,N/A,N/A
2025-07-10 21:36:59,1429,38535,0.7152,808.63,N/A,N/A
2025-07-10 21:36:59,1430,38535,0.7163,800.18,N/A,N/A
2025-07-10 21:37:00,1431,38535,0.7166,809.33,N/A,N/A
2025-07-10 21:37:00,1432,38535,0.7173,803.28,N/A,N/A
2025-07-10 21:37:00,1433,38535,0.7149,814.20,N/A,N/A
2025-07-10 21:37:01,1434,38535,0.7155,809.95,N/A,N/A
2025-07-10 21:37:01,1435,38535,0.7125,817.49,N/A,N/A
2025-07-10 21:37:01,1436,38535,0.7084,822.12,N/A,N/A
2025-07-10 21:37:01,1437,38535,0.7113,818.89,N/A,N/A
2025-07-10 21:37:01,1438,38535,0.7076,823.42,N/A,N/A
2025-07-10 21:37:02,1439,38535,0.7021,817.52,N/A,N/A
2025-07-10 21:37:02,1440,38535,0.7083,814.62,0.0234,2023.89
2025-07-10 21:37:02,1441,38535,0.7083,759.02,N/A,N/A
2025-07-10 21:37:02,1442,38535,0.7089,771.82,N/A,N/A
2025-07-10 21:37:03,1443,38535,0.7123,779.43,N/A,N/A
2025-07-10 21:37:03,1444,38535,0.7124,790.73,N/A,N/A
2025-07-10 21:37:03,1445,38535,0.7112,802.85,N/A,N/A
2025-07-10 21:37:04,1446,38535,0.7111,812.18,N/A,N/A
2025-07-10 21:37:04,1447,38535,0.7103,821.39,N/A,N/A
2025-07-10 21:37:04,1448,38535,0.7078,832.05,N/A,N/A
2025-07-10 21:37:05,1449,38535,0.7071,838.94,N/A,N/A
2025-07-10 21:37:05,1450,38535,0.7024,850.43,N/A,N/A
2025-07-10 21:37:05,1451,38535,0.6984,854.98,N/A,N/A
2025-07-10 21:37:05,1452,38535,0.6952,858.47,N/A,N/A
2025-07-10 21:37:05,1453,38535,0.6917,862.77,N/A,N/A
2025-07-10 21:37:05,1454,38535,0.6854,859.18,N/A,N/A
2025-07-10 21:37:05,1455,38535,0.6910,856.65,0.2630,1646.61
2025-07-10 21:37:05,1456,38535,0.6910,805.17,N/A,N/A
2025-07-10 21:37:06,1457,38535,0.6919,816.45,N/A,N/A
2025-07-10 21:37:06,1458,38535,0.6939,820.44,N/A,N/A
2025-07-10 21:37:06,1459,38535,0.6941,826.34,N/A,N/A
2025-07-10 21:37:07,1460,38535,0.6930,837.49,N/A,N/A
2025-07-10 21:37:07,1461,38535,0.6929,842.63,N/A,N/A
2025-07-10 21:37:07,1462,38535,0.6925,847.82,N/A,N/A
2025-07-10 21:37:08,1463,38535,0.6911,853.84,N/A,N/A
2025-07-10 21:37:08,1464,38535,0.6905,858.04,N/A,N/A
2025-07-10 21:37:08,1465,38535,0.6878,864.71,N/A,N/A
2025-07-10 21:37:09,1466,38535,0.6839,869.17,N/A,N/A
2025-07-10 21:37:09,1467,38535,0.6807,872.68,N/A,N/A
2025-07-10 21:37:09,1468,38535,0.6773,876.88,N/A,N/A
2025-07-10 21:37:09,1469,38535,0.6797,877.77,N/A,N/A
2025-07-10 21:37:09,1470,38535,0.6849,875.43,0.5497,1224.34
2025-07-10 21:37:09,1471,38535,0.6849,827.44,N/A,N/A
2025-07-10 21:37:09,1472,38535,0.6857,837.86,N/A,N/A
2025-07-10 21:37:10,1473,38535,0.6888,844.17,N/A,N/A
2025-07-10 21:37:10,1474,38535,0.6892,853.37,N/A,N/A
2025-07-10 21:37:10,1475,38535,0.6882,863.68,N/A,N/A
2025-07-10 21:37:11,1476,38535,0.6881,871.66,N/A,N/A
2025-07-10 21:37:11,1477,38535,0.6874,879.67,N/A,N/A
2025-07-10 21:37:11,1478,38535,0.6851,888.88,N/A,N/A
2025-07-10 21:37:12,1479,38535,0.6841,895.40,N/A,N/A
2025-07-10 21:37:12,1480,38535,0.6800,905.46,N/A,N/A
2025-07-10 21:37:12,1481,38535,0.6764,909.46,N/A,N/A
2025-07-10 21:37:12,1482,38535,0.6734,912.66,N/A,N/A
2025-07-10 21:37:12,1483,38535,0.6766,908.93,N/A,N/A
2025-07-10 21:37:13,1484,38535,0.6788,909.63,N/A,N/A
2025-07-10 21:37:13,1485,38535,0.6836,907.57,0.5855,1494.74
2025-07-10 21:37:13,1486,38535,0.6836,904.22,N/A,N/A
2025-07-10 21:37:13,1487,38535,0.6826,897.96,N/A,N/A
2025-07-10 21:37:13,1488,38535,0.6805,894.48,N/A,N/A
2025-07-10 21:37:14,1489,38535,0.6800,888.89,N/A,N/A
2025-07-10 21:37:14,1490,38535,0.6806,882.26,N/A,N/A
2025-07-10 21:37:14,1491,38535,0.6807,877.32,N/A,N/A
2025-07-10 21:37:15,1492,38535,0.6805,878.91,N/A,N/A
2025-07-10 21:37:15,1493,38535,0.6820,872.99,N/A,N/A
2025-07-10 21:37:15,1494,38535,0.6816,874.57,N/A,N/A
2025-07-10 21:37:16,1495,38535,0.6844,867.97,N/A,N/A
2025-07-10 21:37:16,1496,38535,0.6916,859.82,N/A,N/A
2025-07-10 21:37:16,1497,38535,0.6944,856.63,N/A,N/A
2025-07-10 21:37:16,1498,38535,0.6911,860.64,N/A,N/A
2025-07-10 21:37:16,1499,38535,0.6932,861.63,N/A,N/A
2025-07-10 21:37:17,1500,38535,0.6979,859.76,0.0024,1863.59
2025-07-10 21:37:17,1501,38535,0.6979,814.14,N/A,N/A
2025-07-10 21:37:17,1502,38535,0.6989,823.79,N/A,N/A
2025-07-10 21:37:17,1503,38535,0.7019,829.73,N/A,N/A
2025-07-10 21:37:18,1504,38535,0.7024,838.36,N/A,N/A
2025-07-10 21:37:18,1505,38535,0.7015,848.06,N/A,N/A
2025-07-10 21:37:19,1506,38535,0.7015,855.65,N/A,N/A
2025-07-10 21:37:19,1507,38535,0.7019,850.81,N/A,N/A
2025-07-10 21:37:19,1508,38535,0.6997,859.88,N/A,N/A
2025-07-10 21:37:20,1509,38535,0.7004,856.08,N/A,N/A
2025-07-10 21:37:20,1510,38535,0.7027,850.31,N/A,N/A
2025-07-10 21:37:20,1511,38535,0.6992,854.21,N/A,N/A
2025-07-10 21:37:20,1512,38535,0.6963,857.45,N/A,N/A
2025-07-10 21:37:20,1513,38535,0.6994,853.70,N/A,N/A
2025-07-10 21:37:20,1514,38535,0.6961,852.42,N/A,N/A
2025-07-10 21:37:20,1515,38535,0.7005,850.74,0.2276,1520.82
2025-07-10 21:37:20,1516,38535,0.7005,847.90,N/A,N/A
2025-07-10 21:37:21,1517,38535,0.6997,841.32,N/A,N/A
2025-07-10 21:37:21,1518,38535,0.6977,837.56,N/A,N/A
2025-07-10 21:37:21,1519,38535,0.6975,831.64,N/A,N/A
2025-07-10 21:37:22,1520,38535,0.6982,824.66,N/A,N/A
2025-07-10 21:37:22,1521,38535,0.6981,826.19,N/A,N/A
2025-07-10 21:37:22,1522,38535,0.6985,821.47,N/A,N/A
2025-07-10 21:37:23,1523,38535,0.7002,815.19,N/A,N/A
2025-07-10 21:37:23,1524,38535,0.6999,816.73,N/A,N/A
2025-07-10 21:37:24,1525,38535,0.6991,818.75,N/A,N/A
2025-07-10 21:37:24,1526,38535,0.6955,822.97,N/A,N/A
2025-07-10 21:37:24,1527,38535,0.6925,826.50,N/A,N/A
2025-07-10 21:37:24,1528,38535,0.6895,830.34,N/A,N/A
2025-07-10 21:37:24,1529,38535,0.6917,831.10,N/A,N/A
2025-07-10 21:37:24,1530,38535,0.6868,833.08,0.0616,2211.00
2025-07-10 21:37:24,1531,38535,0.6868,789.80,N/A,N/A
2025-07-10 21:37:24,1532,38535,0.6859,783.32,N/A,N/A
2025-07-10 21:37:25,1533,38535,0.6838,779.75,N/A,N/A
2025-07-10 21:37:25,1534,38535,0.6834,773.95,N/A,N/A
2025-07-10 21:37:25,1535,38535,0.6840,767.04,N/A,N/A
2025-07-10 21:37:26,1536,38535,0.6844,761.26,N/A,N/A
2025-07-10 21:37:26,1537,38535,0.6847,756.58,N/A,N/A
2025-07-10 21:37:26,1538,38535,0.6863,750.26,N/A,N/A
2025-07-10 21:37:27,1539,38535,0.6871,745.96,N/A,N/A
2025-07-10 21:37:27,1540,38535,0.6896,739.44,N/A,N/A
2025-07-10 21:37:27,1541,38535,0.6861,744.13,N/A,N/A
2025-07-10 21:37:27,1542,38535,0.6831,748.08,N/A,N/A
2025-07-10 21:37:27,1543,38535,0.6801,752.35,N/A,N/A
2025-07-10 21:37:28,1544,38535,0.6823,753.28,N/A,N/A
2025-07-10 21:37:28,1545,38535,0.6868,751.28,N/A,N/A
2025-07-10 21:37:28,1546,38535,0.6868,789.43,N/A,N/A
2025-07-10 21:37:28,1547,38535,0.6859,783.01,N/A,N/A
2025-07-10 21:37:29,1548,38535,0.6839,779.47,N/A,N/A
2025-07-10 21:37:29,1549,38535,0.6834,773.72,N/A,N/A
2025-07-10 21:37:29,1550,38535,0.6840,766.88,N/A,N/A
2025-07-10 21:37:30,1551,38535,0.6845,761.16,N/A,N/A
2025-07-10 21:37:30,1552,38535,0.6847,756.53,N/A,N/A
2025-07-10 21:37:30,1553,38535,0.6863,750.27,N/A,N/A
2025-07-10 21:37:31,1554,38535,0.6871,746.01,N/A,N/A
2025-07-10 21:37:31,1555,38535,0.6896,739.56,N/A,N/A
2025-07-10 21:37:31,1556,38535,0.6861,744.20,N/A,N/A
2025-07-10 21:37:31,1557,38535,0.6832,748.11,N/A,N/A
2025-07-10 21:37:31,1558,38535,0.6802,752.34,N/A,N/A
2025-07-10 21:37:32,1559,38535,0.6823,753.26,N/A,N/A
2025-07-10 21:37:32,1560,38535,0.6868,751.28,N/A,N/A
2025-07-10 21:37:32,1561,38535,0.6868,728.30,N/A,N/A
2025-07-10 21:37:32,1562,38535,0.6874,733.90,N/A,N/A
2025-07-10 21:37:32,1563,38535,0.6892,737.50,N/A,N/A
2025-07-10 21:37:33,1564,38535,0.6894,742.74,N/A,N/A
2025-07-10 21:37:33,1565,38535,0.6889,748.70,N/A,N/A
2025-07-10 21:37:34,1566,38535,0.6891,743.48,N/A,N/A
2025-07-10 21:37:34,1567,38535,0.6888,748.12,N/A,N/A
2025-07-10 21:37:34,1568,38535,0.6874,753.98,N/A,N/A
2025-07-10 21:37:35,1569,38535,0.6865,758.40,N/A,N/A
2025-07-10 21:37:35,1570,38535,0.6842,764.53,N/A,N/A
2025-07-10 21:37:35,1571,38535,0.6876,760.13,N/A,N/A
2025-07-10 21:37:35,1572,38535,0.6848,763.92,N/A,N/A
2025-07-10 21:37:36,1573,38535,0.6878,759.72,N/A,N/A
2025-07-10 21:37:36,1574,38535,0.6898,760.66,N/A,N/A
2025-07-10 21:37:36,1575,38535,0.6849,762.79,0.2324,1647.83
2025-07-10 21:37:36,1576,38535,0.6849,720.82,N/A,N/A
2025-07-10 21:37:36,1577,38535,0.6851,722.16,N/A,N/A
2025-07-10 21:37:36,1578,38535,0.6877,728.43,N/A,N/A
2025-07-10 21:37:37,1579,38535,0.6880,737.39,N/A,N/A
2025-07-10 21:37:37,1580,38535,0.6870,747.47,N/A,N/A
2025-07-10 21:37:37,1581,38535,0.6870,755.16,N/A,N/A
2025-07-10 21:37:38,1582,38535,0.6865,762.62,N/A,N/A
2025-07-10 21:37:38,1583,38535,0.6842,771.97,N/A,N/A
2025-07-10 21:37:39,1584,38535,0.6847,768.43,N/A,N/A
2025-07-10 21:37:39,1585,38535,0.6810,778.27,N/A,N/A
2025-07-10 21:37:39,1586,38535,0.6778,782.34,N/A,N/A
2025-07-10 21:37:39,1587,38535,0.6750,786.02,N/A,N/A
2025-07-10 21:37:40,1588,38535,0.6723,789.72,N/A,N/A
2025-07-10 21:37:41,1589,38535,0.6690,788.62,N/A,N/A
2025-07-10 21:37:41,1590,38535,0.6732,786.70,0.2307,1570.41
2025-07-10 21:37:41,1591,38535,0.6732,822.33,N/A,N/A
2025-07-10 21:37:41,1592,38535,0.6746,830.38,N/A,N/A
2025-07-10 21:37:42,1593,38535,0.6770,836.12,N/A,N/A
2025-07-10 21:37:42,1594,38535,0.6773,844.11,N/A,N/A
2025-07-10 21:37:43,1595,38535,0.6764,853.06,N/A,N/A
2025-07-10 21:37:43,1596,38535,0.6762,860.10,N/A,N/A
2025-07-10 21:37:44,1597,38535,0.6757,867.00,N/A,N/A
2025-07-10 21:37:44,1598,38535,0.6734,875.49,N/A,N/A
2025-07-10 21:37:44,1599,38535,0.6736,872.82,N/A,N/A
2025-07-10 21:37:45,1600,38535,0.6756,867.69,N/A,N/A
2025-07-10 21:37:45,1601,38535,0.6725,871.23,N/A,N/A
2025-07-10 21:37:45,1602,38535,0.6699,874.44,N/A,N/A
2025-07-10 21:37:45,1603,38535,0.6673,877.64,N/A,N/A
2025-07-10 21:37:45,1604,38535,0.6694,878.00,N/A,N/A
2025-07-10 21:37:45,1605,38535,0.6734,876.22,0.4546,2425.14
2025-07-10 21:37:45,1606,38535,0.6734,838.25,N/A,N/A
2025-07-10 21:37:45,1607,38535,0.6746,845.83,N/A,N/A
2025-07-10 21:37:46,1608,38535,0.6729,842.45,N/A,N/A
2025-07-10 21:37:46,1609,38535,0.6726,837.31,N/A,N/A
2025-07-10 21:37:46,1610,38535,0.6732,831.26,N/A,N/A
2025-07-10 21:37:47,1611,38535,0.6729,835.63,N/A,N/A
2025-07-10 21:37:47,1612,38535,0.6733,831.25,N/A,N/A
2025-07-10 21:37:47,1613,38535,0.6749,825.57,N/A,N/A
2025-07-10 21:37:48,1614,38535,0.6750,823.03,N/A,N/A
2025-07-10 21:37:48,1615,38535,0.6768,818.01,N/A,N/A
2025-07-10 21:37:48,1616,38535,0.6829,810.61,N/A,N/A
2025-07-10 21:37:48,1617,38535,0.6801,814.08,N/A,N/A
2025-07-10 21:37:48,1618,38535,0.6881,803.69,N/A,N/A
2025-07-10 21:37:48,1619,38535,0.6793,801.72,N/A,N/A
2025-07-10 21:37:48,1620,38535,0.6661,807.54,0.2579,2422.03
2025-07-10 21:37:49,1621,38535,0.6661,805.68,N/A,N/A
2025-07-10 21:37:49,1622,38535,0.6662,806.77,N/A,N/A
2025-07-10 21:37:49,1623,38535,0.6666,807.70,N/A,N/A
2025-07-10 21:37:49,1624,38535,0.6667,808.91,N/A,N/A
2025-07-10 21:37:50,1625,38535,0.6666,810.28,N/A,N/A
2025-07-10 21:37:50,1626,38535,0.6657,818.57,N/A,N/A
2025-07-10 21:37:51,1627,38535,0.6656,819.90,N/A,N/A
2025-07-10 21:37:51,1628,38535,0.6669,814.50,N/A,N/A
2025-07-10 21:37:51,1629,38535,0.6669,815.52,N/A,N/A
2025-07-10 21:37:52,1630,38535,0.6663,817.21,N/A,N/A
2025-07-10 21:37:52,1631,38535,0.6693,813.43,N/A,N/A
2025-07-10 21:37:52,1632,38535,0.6723,809.46,N/A,N/A
2025-07-10 21:37:52,1633,38535,0.6750,805.96,N/A,N/A
2025-07-10 21:37:52,1634,38535,0.6716,805.32,N/A,N/A
2025-07-10 21:37:52,1635,38535,0.6671,807.43,0.0025,1912.57
2025-07-10 21:37:52,1636,38535,0.6671,787.26,N/A,N/A
2025-07-10 21:37:52,1637,38535,0.6664,780.85,N/A,N/A
2025-07-10 21:37:52,1638,38535,0.6646,777.40,N/A,N/A
2025-07-10 21:37:53,1639,38535,0.6642,771.98,N/A,N/A
2025-07-10 21:37:53,1640,38535,0.6648,765.55,N/A,N/A
2025-07-10 21:37:53,1641,38535,0.6655,759.49,N/A,N/A
2025-07-10 21:37:54,1642,38535,0.6659,754.85,N/A,N/A
2025-07-10 21:37:54,1643,38535,0.6672,749.27,N/A,N/A
2025-07-10 21:37:54,1644,38535,0.6672,746.76,N/A,N/A
2025-07-10 21:37:55,1645,38535,0.6691,741.44,N/A,N/A
2025-07-10 21:37:55,1646,38535,0.6660,745.71,N/A,N/A
2025-07-10 21:37:55,1647,38535,0.6630,749.93,N/A,N/A
2025-07-10 21:37:55,1648,38535,0.6704,739.25,N/A,N/A
2025-07-10 21:37:55,1649,38535,0.6727,739.85,N/A,N/A
2025-07-10 21:37:55,1650,38535,0.6587,747.12,0.2518,2574.46
2025-07-10 21:37:55,1651,38535,0.6587,782.56,N/A,N/A
2025-07-10 21:37:55,1652,38535,0.6580,776.06,N/A,N/A
2025-07-10 21:37:55,1653,38535,0.6562,772.63,N/A,N/A
2025-07-10 21:37:55,1654,38535,0.6558,767.17,N/A,N/A
2025-07-10 21:37:55,1655,38535,0.6563,760.68,N/A,N/A
2025-07-10 21:37:55,1656,38535,0.6571,754.57,N/A,N/A
2025-07-10 21:37:55,1657,38535,0.6574,749.94,N/A,N/A
2025-07-10 21:37:55,1658,38535,0.6587,744.34,N/A,N/A
2025-07-10 21:37:55,1659,38535,0.6586,741.93,N/A,N/A
2025-07-10 21:37:55,1660,38535,0.6604,736.61,N/A,N/A
2025-07-10 21:37:55,1661,38535,0.6572,741.17,N/A,N/A
2025-07-10 21:37:55,1662,38535,0.6541,745.66,N/A,N/A
2025-07-10 21:37:55,1663,38535,0.6517,749.20,N/A,N/A
2025-07-10 21:37:56,1664,38535,0.6539,749.83,N/A,N/A
2025-07-10 21:37:56,1665,38535,0.6587,747.12,N/A,N/A
2025-07-10 21:37:56,1666,38535,0.6587,726.55,N/A,N/A
2025-07-10 21:37:56,1667,38535,0.6591,731.95,N/A,N/A
2025-07-10 21:37:56,1668,38535,0.6606,735.33,N/A,N/A
2025-07-10 21:37:57,1669,38535,0.6609,740.17,N/A,N/A
2025-07-10 21:37:57,1670,38535,0.6604,745.68,N/A,N/A
2025-07-10 21:37:57,1671,38535,0.6610,740.07,N/A,N/A
2025-07-10 21:37:58,1672,38535,0.6606,744.55,N/A,N/A
2025-07-10 21:37:58,1673,38535,0.6595,749.77,N/A,N/A
2025-07-10 21:37:58,1674,38535,0.6592,747.75,N/A,N/A
2025-07-10 21:37:59,1675,38535,0.6575,752.99,N/A,N/A
2025-07-10 21:37:59,1676,38535,0.6544,757.29,N/A,N/A
2025-07-10 21:37:59,1677,38535,0.6632,744.53,N/A,N/A
2025-07-10 21:37:59,1678,38535,0.6608,748.08,N/A,N/A
2025-07-10 21:37:59,1679,38535,0.6629,748.75,N/A,N/A
2025-07-10 21:37:59,1680,38535,0.6674,746.29,0.3036,1587.90
2025-07-10 21:37:59,1681,38535,0.6674,708.05,N/A,N/A
2025-07-10 21:37:59,1682,38535,0.6680,717.64,N/A,N/A
2025-07-10 21:38:00,1683,38535,0.6703,723.56,N/A,N/A
2025-07-10 21:38:00,1684,38535,0.6705,728.32,N/A,N/A
2025-07-10 21:38:00,1685,38535,0.6700,733.72,N/A,N/A
2025-07-10 21:38:01,1686,38535,0.6697,738.44,N/A,N/A
2025-07-10 21:38:01,1687,38535,0.6693,742.80,N/A,N/A
2025-07-10 21:38:01,1688,38535,0.6682,747.85,N/A,N/A
2025-07-10 21:38:02,1689,38535,0.6686,749.98,N/A,N/A
2025-07-10 21:38:02,1690,38535,0.6668,755.04,N/A,N/A
2025-07-10 21:38:02,1691,38535,0.6637,759.27,N/A,N/A
2025-07-10 21:38:02,1692,38535,0.6716,748.37,N/A,N/A
2025-07-10 21:38:02,1693,38535,0.6691,751.90,N/A,N/A
2025-07-10 21:38:02,1694,38535,0.6633,750.32,N/A,N/A
2025-07-10 21:38:02,1695,38535,0.6497,757.78,0.0003,1900.79
2025-07-10 21:38:02,1696,38535,0.6497,738.64,N/A,N/A
2025-07-10 21:38:03,1697,38535,0.6502,747.87,N/A,N/A
2025-07-10 21:38:03,1698,38535,0.6523,753.71,N/A,N/A
2025-07-10 21:38:03,1699,38535,0.6528,761.53,N/A,N/A
2025-07-10 21:38:04,1700,38535,0.6520,770.36,N/A,N/A
2025-07-10 21:38:04,1701,38535,0.6516,777.93,N/A,N/A
2025-07-10 21:38:04,1702,38535,0.6510,784.81,N/A,N/A
2025-07-10 21:38:05,1703,38535,0.6493,792.77,N/A,N/A
2025-07-10 21:38:05,1704,38535,0.6498,796.11,N/A,N/A
2025-07-10 21:38:05,1705,38535,0.6483,800.75,N/A,N/A
2025-07-10 21:38:05,1706,38535,0.6546,792.15,N/A,N/A
2025-07-10 21:38:05,1707,38535,0.6595,785.52,N/A,N/A
2025-07-10 21:38:06,1708,38535,0.6645,778.46,N/A,N/A
2025-07-10 21:38:06,1709,38535,0.6614,777.63,N/A,N/A
2025-07-10 21:38:06,1710,38535,0.6525,782.57,0.6584,2404.66
2025-07-10 21:38:06,1711,38535,0.6525,746.38,N/A,N/A
2025-07-10 21:38:06,1712,38535,0.6526,747.39,N/A,N/A
2025-07-10 21:38:06,1713,38535,0.6529,748.29,N/A,N/A
2025-07-10 21:38:07,1714,38535,0.6530,749.43,N/A,N/A
2025-07-10 21:38:07,1715,38535,0.6529,750.72,N/A,N/A
2025-07-10 21:38:07,1716,38535,0.6528,752.01,N/A,N/A
2025-07-10 21:38:08,1717,38535,0.6520,759.36,N/A,N/A
2025-07-10 21:38:08,1718,38535,0.6517,760.84,N/A,N/A
